ResponseId,YN,BB_1,BB_2,BB_3,BB_4,BB_5,BB_6,BB_7,BB_8,BB_9,BB_10,BB_11,BB_12,CDC_1,CDC_2,CDC_3,CDC_4,CDC_5,CDC_6,CDC_7,CDC_8,CDC_9,EU_1,EU_2,EU_3,EU_4,EU_5,EU_6,EU_7,EU_8,EU_9,EU_10,EU_11,EU_12,EU_13,EU_14,EU_15,CU_1,CU_2,CU_3,CU_4,CU_5,CU_6,CU_7,CU_8,CU_9,CU_10,CU_11,CU_12,CU_13,CU_14,CU_15,CU_16,CU_17,I1,I2,I3,I4,I5,I6,SSC_1,SSC_2,SSC_3,SSC_4,SSC_5,SSC_6,SSC_7,SSC_8,SSC_9,SSC_10,SSC_11,SSC_12,SSC_13,SSC_14,SSC_15,SSC_16,SSC_17,SSC_18,SSC_19,SSC_20,SSC_21,SSC_22,SSC_23,SSC_24,SSC_25,SE1,SE2,SE3,SE4,SE5,SE6,SE7,SE8,Where,Where_5_TEXT,DSC_1,DSC_2,DSC_3,DSC_4,DSC_5,DSC_6,DSC_7,DSC_8,Gender,Gender_3_TEXT,Age,Ethnicity,Race,State,Distract,Q_TotalDuration,ATTENTION,BB_total,CDCtotal,BB_A,BB_B,BB_C,BB_D,EU_total,CU_total,Indulge,SE_total,SSC_1R,SSC_2R,SSC_3R,SSC_5R,SSC_6R,SSC_8R,SSC_9R,SSC_10R,SSC_12R,SSC_13R,SSC_14R,SSC_16R,SSC_18R,SSC_19R,SSC_21R,SSC_23R,SSC_24R,SSC_25R,SSC_Ave,DSC_Ave,BB_noguns,Region,Location,location_cont,CDC_A,CDC_B,EUcond,CUcond,CDC_Approach2,CDC_Avoid2,CDC_Avoid3,CDC_Approach3
R_3mdxjpRGUaKLu2I,1,8,7,7,8,7,8,7,8,8,7,8,7,5,7,6,7,6,6,7,5,6,3,3,3,4,3,4,4,3,4,4,3,4,4,4,3,3,3,4,3,4,3,4,4,3,4,3,4,4,4,3,4,4,6,6,7,6,7,6,6,6,6,7,6,7,6,7,6,7,7,7,6,7,7,7,6,7,7,6,7,7,7,7,6,4,4,5,5,4,5,4,5,"1,2,3,4", ,4,4,5,5,4,5,4,5,1, ,42,2,4,MO,4,235,2,7.5,6.11111111111111,7.66666666666667,7.5,7.5,7,3.53333333333333,3.58823529411765,6.33333333333333,4.5,2,2,2,2,1,1,2,1,1,2,1,1,1,1,1,1,1,2,2.84,4.5,7.45454545454545,2,9,0,6,6.16666666666667,1,1,6.16666666666667,6,5.5,6.2
R_2zxdkGe35DoM5Db,1,7,5,8,6,7,5,8,7,7,5,8,6,6,4,6,5,7,6,6,5,7,3,4,2,4,3,3,4,2,4,3,4,2,4,3,3,3,4,2,4,3,3,4,1,4,2,4,3,2,4,3,2,4,6,7,4,6,5,7,6,7,4,7,5,7,6,4,7,6,4,7,5,7,6,7,3,7,5,7,6,4,7,6,5,4,5,3,5,4,4,5,2,1, ,4,5,3,5,4,5,2,5,1, ,28,1,4,IN,4,231,2,6.58333333333333,5.77777777777778,7,7,6,5.5,3.2,3.05882352941176,5.83333333333333,4,2,1,4,3,1,4,1,2,1,3,1,1,1,3,2,1,2,3,2.92,4.125,6.54545454545455,2,1,0,5,6.16666666666667,1,1,5.66666666666667,6,6,5.4
R_1JIRiSSTSZQ1cBC,1,6,7,7,6,6,7,7,7,6,7,7,6,5,6,6,5,6,4,6,6,5,2,3,3,3,2,3,4,4,3,3,2,3,3,2,3,2,3,3,2,3,3,2,3,3,2,3,3,2,3,3,2,3,6,6,7,6,5,6,5,6,6,5,6,6,5,5,6,6,5,6,6,5,5,6,6,5,6,6,5,5,6,5,6,4,4,4,3,3,4,3,4,2, ,3,4,4,3,3,4,4,3,1, ,29,1,5,IL,1,297,2,6.58333333333333,5.44444444444444,6.33333333333333,6.75,6.5,6.5,2.86666666666667,2.64705882352941,6,3.625,3,2,2,2,2,3,2,2,2,2,3,2,3,2,3,2,3,2,3.16,3.5,6.54545454545455,2,2,1,5.33333333333333,5.5,1,0,5.33333333333333,5.66666666666667,5.5,5.2
R_2dYitP2LyAT93K4,1,5,5,5,5,5,5,5, ,5,5,5,5,7,7,7,7,4,5,5,4,5,3,3,3,3,3,3,3,4,2,3,4,3,4,3,2,3,3,4,4,3,3,4,4,3,4,4,2,1,3,2,3,3,5,4,5,6,2,5,1,4,5,4,3,1,3,2,4,4,6,2,6,3,4,2,4,4,5,3,4,4,7,2,2,4,4,4,4,4,4,3,4,4, ,4,4,4,4,4,4,4,4,1, ,28,2,5,PA,1,287,2,5,5.66666666666667,5,5,5,5,3.06666666666667,3.11764705882353,4.5,3.875,7,4,3,5,7,6,4,4,6,2,5,6,4,3,4,1,6,6,4.44,4,5,1,4,1,5.33333333333333,5.83333333333333,1,1,5.33333333333333,6.33333333333333,7,5.6
R_12gV3NWbs7iZIVY,1,7,6,7,6,6,5,6,5,5,6,5,4,6,5,4,5,3,4,5,4,3,3,2,3,2,3,3,2,3,2,3,3,2,3,2,3,3,2,3,2,3,2,3,2,3,2,3,2,3,2,3,2,3,6,5,6,4,5,4,6,5,4,3,4,5,4,3,4,5,4,5,6,5,5,4,5,4,5,4,3,4,5,4,5,4,3,4,3,2,4,4,3,1, ,4,3,4,3,4,3,4,3,1, ,25,2,5,NY,1,335,2,5.66666666666667,4.33333333333333,6.33333333333333,5.75,5.5,5,2.6,2.52941176470588,5,3.375,2,3,4,4,3,5,4,3,3,2,3,4,4,3,5,3,4,3,3.64,3.5,5.72727272727273,1,1,0,4.33333333333333,4.33333333333333,1,0,4,5,5,4.2
R_T1V6gQrlmAPue65,1,8,5,3,7,8, ,4, , ,7,7,5,7,7,7,7,4,7,7,4,4,3,3,3,3,3,3,3,3,3,3,3,3,3,3,3,3,4,3,4,4,4,3,4,4,4,4,2,2,2,2,1,3,6,5,6,2,2,6,1,1,5,3,2,5,2,6,6,2,6,2,7,5,6,2,2,6,5,2,6,6,6,5,4,5,5,5,5,5,5,5,5,"2,4", ,3,3,2,2,2,2,2,4,2, ,26,2,5,VA,1,298,2,6,6,6.33333333333333,5,8,6,3,3.11764705882353,4.5,5,7,7,3,6,3,2,2,6,6,1,3,6,2,3,2,2,3,4,3.8,2.5,6,3,2,1,6,6,1,1,5.5,7,7,5.8
R_3dWdRX3SjJFIO9X,1,5,5,5,7,5,5,6,5, ,5,5,5,7,5,6,4,4,5,4,4,4,3,3,3,2,2,4,2,3,2,3,3,2,4,2,4,3,4,4,4,4,4,4,3,3,4,3,3,2,4,4,4,3,7,6,7,5,5,7,5,7,6,3,7,7,2,7,7,7,6,7,7,7,1,7,1,7,7,2,7,1,7,7,6,4,4,5,4,4,4,4,4,4, ,3,4,4,5,5,5,4,4,2, ,18,2,5,IL,1,379,2,5.27272727272727,4.77777777777778,6,5,5,5,2.8,3.52941176470588,6.16666666666667,4.125,3,1,2,1,1,1,1,1,1,1,1,1,1,1,1,1,1,2,1.52,4.25,5.3,2,4,1,4.66666666666667,4.83333333333333,1,1,4.33333333333333,5.66666666666667,6.5,4.4
R_2D0OFnQQn8iShLU,1,6,4,3,6,6, ,3,2,5,6,6,6,7,7,7,7,2,7,7,7,7,4,3,4,4,4,3,4,3,4,3,3,3,3,4,3,4,4,3,3,3,3,4,4,3,4,3,3,4,3,3,3,3,6,7,7,7,7,7,7,5,6,6,5,6,6,7,6,6,6,7,6,7,5,5,6,5,6,5,6,6,6,6,6,4,2,4,4,4,4, ,4,2, ,5,5,5,5,5,5,5,5,2, ,25,2,5,CO,1,367,2,4.81818181818182,6.44444444444444,5,4.5,6,6,3.46666666666667,3.35294117647059,6.83333333333333,3.71428571428571,1,3,2,3,2,1,2,2,1,2,1,3,3,2,2,2,2,2,3.04,5,5.1,4,2,1,7,6.16666666666667,1,1,6.16666666666667,7,7,7
R_117KpgRNi2vsSh6,1,7,6,7,6,8,7,6,5,5,6,7,8,7,7,7,7,7,7,1,7,7,3,3,3,3,3,3,2,3,2,3,3,2,3,2,3,4,3,4,3,4,3,3,4,3,4,3,4,3,4,3,4,3,6,6,6,5,5,5,6,5,4,3,4,5,6,7,6,5,4,5,6,7,7,6,5,5,6,7,6,4,3,3,4,4,4,4,5,5,4,4,5,2, ,5,4,5,4,5,4,5,4,2, ,31,2,5,NY,5,352,2,6.5,6.33333333333333,6.33333333333333,6.25,7.5,7,2.73333333333333,3.47058823529412,5.5,4.375,2,3,4,4,3,1,2,3,3,2,1,2,3,2,2,5,5,4,3.48,4.5,6.63636363636364,1,2,1,7,6,1,1,7,5,7,7
R_2sdlGCNme3XYb7D,1,6,7,6,7,6,7,6,7,5,6,7,7,5,6,6,5,6,5,6,5,6,2,3,4,3,4,2,3,4,3,3,2,3,4,3,2,3,4,3,3,4,3,2,3,4,3,2,3,2,3,3,4,3,6,5,6,6,5,6,5,6,5,6,5,4,5,6,5,4,5,6,6,5,4,5,6,6,5,4,5,4,5,4,6,4,3,4,3,4,3,4,4,2, ,3,4,5,4,3,4,5,4,1, ,29,1,4,OK,1,404,2,6.41666666666667,5.55555555555556,6.33333333333333,6.25,6.5,6.5,3,3.05882352941176,5.66666666666667,3.625,3,2,3,3,4,2,3,4,2,2,3,3,2,3,3,3,4,2,3.4,4,6.36363636363636,3,2,1,5.33333333333333,5.66666666666667,1,1,5.5,5.66666666666667,5.5,5.4
R_eLsa5Yf2zZnHbgJ,1,5,6,5,5,7,5,5,3,5,6,6,5,7,7,7,7,4,7,7,7,7,3,4,2,3,4,2,3,2,1,3,3,2,2,1,1,3,4,3,3,4,4,4,3,3,4,4,4,4,4,3,4,4,7,7,7,2,2,7,6,5,5,6,2,6,3,5,6,2,4,3,5,4,4,2,4,2,4,5,5,6,5,3,4,4,3,4,5,4,4,5,4,"2,3", ,4,4,3,3,4,3,5,4,1, ,34,2,5,WI,1,330,2,5.25,6.66666666666667,5,5.5,6,5.5,2.4,3.64705882352941,5.33333333333333,4.125,2,3,3,6,2,3,2,6,5,3,4,6,6,4,3,3,5,4,4.08,3.75,5.45454545454545,2,7,0,7,6.5,0,1,6.5,7,7,7
R_4VhC4yyhOb3hlZf,1,6,7,8,6,7,7,5,7,6,7,6,8,6,5,7,6,5,6,7,5,6,3,4,2,3,4,3,2,3,2,3,2,3,3,2,3,4,3,2,3,3,4,3,2,3,4,3,3,3,2,4,3,3,6,5,7,5,6,4,6,7,5,4,6,6,7,7,6,5,5,6,7,6,6,5,7,6,6,5,6,7,6,6,5,4,5,3,4,5,4,3,4,2, ,4,5,3,3,4,5,4,3,2, ,47,2,5,IA,2,317,2,6.66666666666667,5.88888888888889,5.66666666666667,6.75,7,7.5,2.8,3.05882352941176,5.5,4,2,1,3,2,2,1,2,3,2,1,2,3,2,2,2,2,2,3,3.12,3.875,6.63636363636364,2,2,1,5.33333333333333,6.16666666666667,1,1,5.5,6.66666666666667,6.5,5.6
R_yNLPLPawyfhfXKF,1,5,5, ,5, , ,5, ,5, ,6,5,7,7,7,4,4,5,5,6,5,2,2,1,1,1,1,2,2,1,1,2,1,1,1,2,3,3,3,3,3,3,2,2,3,3,3,2,2,2,1,2,3,5,4,6,6,1,6,1,3,1,2,5,1,1,1,5,5,6,1,6,1,4,1,4,1,1,4,1,2,4,1,1,4,4,4,4,3,4,4,4,"3,4", ,3,4,3,4,3,4,4,4,1, ,39,2,5,KY,1,325,2,5.14285714285714,5.55555555555556,5,5.33333333333333, ,5,1.4,2.52941176470588,4.66666666666667,3.875,7,5,7,3,7,7,3,3,7,2,7,7,7,7,7,4,7,7,5.08,3.625,5.14285714285714,3,8,1,6,5.33333333333333,0,0,5.16666666666667,6.33333333333333,7,5.4
R_C8K7yl9u7Qg2lgd,1,5,6,6,5,5, ,5, ,5,5,6,4,7,7,7,7,4,7,7,4,7,3,4,4,3,4,4,4,3,4,4,2,1,3,1,2,4,4,4,4,4,4,3,4,3,4,4,3,3,4,4,4,4,7,7,5,7,3,6,7,6,6,4,4,6,3,6,3,3,4,3,5,4,4,5,2,4,5,3,6,4,5,2,6,4,3,4,3,3,4,4,4,"2,3", ,3,4,2,1,4,4,5,3,2, ,50,2,5,OH,1,443,2,5.2,6.33333333333333,5,5.75,5,4.5,3.06666666666667,3.76470588235294,5.83333333333333,3.625,1,2,2,4,2,2,5,5,5,3,4,3,4,3,2,3,6,2,3.28,3.25,5.2,2,7,0,6,6.5,1,1,6,7,7,6.4
R_sZ6ci2Uurn4u8cV,1,6,4,4,5, , ,5, , , , , ,7,4,7,7,4,4,4,4,4,2,2,1,1,1,1,2,2,1,2,2,2,1,1,2,2,2,2,3,2,2,3,2,2,3,2,2,2,2,2,2,2,6,6,6,2,4,4,5,6,5,5,3,3,3,3,6,4,7,3,3,3,5,2,3,3,3,5,3,6,3,2,3,4,4,5,4,4,4,2,4,"2,3", ,2,2,2,4,3,2,4,4,2, ,46,2,2,CA,1,332,2,4.8,5,5.33333333333333,4, , ,1.53333333333333,2.17647058823529,4.66666666666667,3.875,3,2,3,5,5,5,2,4,5,5,5,6,5,5,5,5,6,5,4.6,2.875,4.8,4,7,0,4,5.5,0,0,4.5,6,7,4.6
R_1dmADB3vA7coMz2,1,5,5,5,5, , ,5, , , ,5,5,7,7,7,1,7,7,7,7,7,3,3,2,2,2,2,2,3,2,3,2,2,2,2,1,3,3,3,3,3,3,3,3,3,3,3,3,3,3,2,3,3,7,6,7,7,7,7,4,4,4,4,4,4,4,4,4,1,4,1,1,1,4,1,4,4,4,4,4,4,5,1,2,5,5,5,5,5, ,5,4,"2,3", ,3,3,3,3,3,3,3,3,2, ,36,2,5,TN,1,330,2,5,6.33333333333333,5,5, ,5,2.2,2.94117647058824,6.83333333333333,4.85714285714286,4,4,4,4,4,4,4,7,7,7,7,7,4,4,4,3,7,6,4.76,3,5,3,7,0,7,6,0,0,6,7,7,5.8
R_1psxscT3VsQhL2o,1,2,3,3,4,3,5,4,2,5,4,6,4,3,5,7,6,6,5,3,5,4,2,2,4,1,3,2,2,3,2,2,3,2,1,2,2,3,2,3,2,3,3,3,3,2,3,2,3,2,2,2,3,2,3,5,4,3,2,4,3,4,3,6,4,3,5,3,3,3,5,3,4,3,3,4,4,1,2,4,3,3,5,4,2,3,4,4,3,2,3,5,4,2, ,4,4,2,3,1,2,4,3,1, ,22,2,5,NJ,1,410,2,3.75,4.88888888888889,3.33333333333333,4.25,4,4,2.2,2.52941176470588,3.5,3.5,5,4,5,4,5,5,5,5,5,4,5,4,7,6,5,3,4,6,4.68,2.875,3.90909090909091,1,2,1,5,4.83333333333333,0,0,5.16666666666667,4.33333333333333,5,5
R_2aL8IKY1NfAz6hX,1,5,6,5,5,5, ,6, ,5,5,5,6,7,7,7,7,4,7,7,4,5,2,2,2,3,3,2,3,2,2,3,3,1,2,1,2,2,2,2,2,2,2,3,3,2,3,3,2,2,3,3,3,2,7,4,6,4,4,7,5,2,2,6,5,5,2,5,6,5,7,1,3,5,5,3,3,5,2,6,5,5,6,2,2,4,5,4,5,5,5,4,5,2, ,5,5,4,4,4,4,2,5,2, ,26,2,2,MO,1,348,2,5.3,6.11111111111111,5.33333333333333,5.25,5,5.5,2.2,2.41176470588235,5.33333333333333,4.625,3,6,6,3,3,3,2,3,7,5,3,5,3,6,3,2,6,6,4.36,4.125,5.3,2,2,1,6,6.16666666666667,0,0,5.66666666666667,7,7,6
R_23UHlekoOeqqCRg,1,5,6,6,7,7,5,5, ,5,5,6,5,7,7,7,7,4,4,7,4,6,2,2,2,2,2,2,2,2,2,2,2,2,2,1,1,4,2,3,3,4,4,3,3,3,3,3,2,3,3,3,4,3,5,5,5,2,2,6,1,1,1,4,2,1,4,1,4,2,5,1,2,2,5,1,4,1,1,6,1,4,2,2,1,3,3,3,3,3,3,3,3,"3,4", ,2,2,2,2,3,3,3,2,2, ,42,2,2,IL,1,432,2,5.63636363636364,5.88888888888889,5.66666666666667,5.75,6,5,1.86666666666667,3.11764705882353,4.16666666666667,3,7,7,7,6,7,7,4,6,7,6,6,7,7,7,7,6,6,7,5.96,2.375,5.63636363636364,2,8,1,5,6.33333333333333,0,1,5.33333333333333,7,7,5.6
R_1eLQHQaAnDr7lKB,1,8,5,5,5,6,5,5, ,5,5,5,6,7,7,7,7,4,4,7,4,4,3,3,3,2,2,3,2,3,3,3,2,2,1,1,1,4,4,4,4,4,4,4,4,4,4,4,4,4,4,2,4,4,7,7,7,7,4,7,5,1,6,7,1,5,6,5,1,1,7,1,1,1,7,1,6,1,1,7,4,3,5,1,1,5,5,5,5,5,5,5,5,2, ,3,3,4,3,4,4,4,3,2, ,24,2,4,AL,1,471,2,5.45454545454545,5.66666666666667,6,5,5.5,5.5,2.26666666666667,3.88235294117647,6.5,5,3,7,2,7,3,3,7,7,7,7,7,7,7,7,4,3,7,7,5.8,3.5,5.45454545454545,3,2,1,5,6,0,1,5,7,7,5.2
R_21gCXFBh38TCZ7y,1,6,5,5,5,4,4,5,5,5,4,5,5,7,7,7,7,4,4,4,7,7,2,2,2,2,2,2,4,2,1,2,2,2,2,1,3,2,2,2,2,2,4,2,2,2,4,3,2,4,2,2,3,3,7,7,7,7,1,7,5,5,5,3,7,5,1,5,5,7,3,5,7,7,1,5,1,5,5,1,5,1,7,5,5,2,1,1,2,2,2,2,2,2, ,5,5,5,5,1,5,2,5,2, ,33,2,5,AL,1,416,2,4.83333333333333,6,5.33333333333333,5,4,4.5,2.06666666666667,2.52941176470588,6,1.75,3,3,3,1,3,3,3,1,3,1,1,3,3,3,3,1,3,3,2.2,4.125,4.81818181818182,3,2,1,6,6,0,0,6,6,7,6.4
R_1DHgC6E4eDpAlAj,1,4,2,2,5,2,2,5, ,7,6,6,8,4,7,7,2,4,7,4,7,6,4,3,4,3,4,4,3,4,4,4,2,2,4,1,3,4,4,4,4,3,4,3,4,4,3,4,2,4,2,1,3,4,2,5,6,7,2,3,3,2,4,5,6,3,4,5,2,4,5,2,7,6,3,1,5,2,2,4,5,4,4,3,4,4,3,5,3,4,4,3,4,1, ,3,4,5,3,1,3,4,5,1, ,31,1,7,TX,1,393,2,4.45454545454545,5.33333333333333,4.66666666666667,4.25,2,7,3.26666666666667,3.35294117647059,4.16666666666667,3.75,5,6,4,2,5,3,6,4,6,1,2,7,6,6,3,4,5,4,4.36,3.5,4.45454545454545,3,1,0,7,4.5,1,1,5.5,5,5.5,5.8
R_265fIJ0Fuqoc2E2,1,6,7,8,8,7,6,5,6,7,8,8,7,4,5,6,7,6,5,4,5,6,2,1,1,2,2,2,1,1,2,2,2,3,4,3,2,2,2,1,1,2,1,1,1,2,3,2,1,2,2,1,1,1,6,7,6,5,4,5,4,5,6,7,6,5,6,6,7,6,5,6,6,7,6,5,6,6,5,4,5,6,7,5,6,4,5,4,5,5,4,5,4,"3,4", ,4,5,4,3,4,5,5,4,1, ,25,2,5,CA,3,245,2,6.91666666666667,5.33333333333333,6.33333333333333,7.5,6.5,7.5,2,1.52941176470588,5.5,4.5,4,3,2,2,3,2,1,2,2,2,1,3,2,3,3,1,3,2,3.24,4.25,7,4,8,1,5,5.5,0,0,5.66666666666667,4.66666666666667,5,5.6
R_Q60ZmpTvRWVfTNv,1,6,3,7,5,5,7,4,7,4,6,4,8,6,4,6,3,5,4,6,5,6,3,1,3,2,3,2,4,2,1,2,1,2,1,2,1,3,2,4,3,2,3,2,3,2,3,2,3,2,3,2,3,2,6,7,6,4,5,7,2,4,5,3,5,2,6,5,3,5,6,3,5,3,5,3,6,3,5,3,6,3,5,5,3,4,2,3,3,3,4,5,4,2, ,4,2,3,4,2,4,3,4,1, ,34,2,5,NM,1,527,2,5.5,5,5,4.5,6,7,2,2.58823529411765,5.83333333333333,3.5,6,4,3,3,6,3,5,3,5,3,5,5,5,3,2,3,3,5,4.16,3.25,5.36363636363636,4,2,1,4.33333333333333,5.33333333333333,0,0,4.5,6,6,4.4
R_7VThmlSsmDwWo13,1,8,8,8,8,7,6,5, ,6,5,7,7,7,7,7,7,7,7,7,7,7,3,4,4,4,3,4,4,3,3,4,2,4,2,2,2,3,2,2,3,4,3,3,4,2,4,3,2,4,3,2,4,3,3,4,4,4,2,4,5,5,6,3,3,5,2,5,3,4,5,3,6,3,4,1,4,3,4,4,4,3,6,3,5,4,5,5,5,5,5,3,4,2, ,5,4,5,5,5,5,5,4,1, ,25,2,5,WI,1,521,2,6.81818181818182,7,7,7.25,6.5,6,3.2,3,3.5,4.5,3,3,2,5,3,3,5,4,5,2,5,7,5,4,4,2,5,3,3.8,4.75,6.81818181818182,2,2,1,7,7,1,1,7,7,7,7
R_1gbH4HZIrOCkLJ2,1,4,5,6,5,6,5,6,5,7,6,4,5,7,6,3,6,5,5,6,6,5,3,4,3,3,2,2,2,3,2,4,4,2,4,2,4,3,3,4,2,3,2,3,4,2,4,2,3,2,3,4,3,3,5,4,5,6,5,6,6,4,6,3,4,3,6,6,4,4,3,5,6,4,6,5,3,4,6,4,4,3,3,5,6,4,3,3,4,4,4,3,5,"1,2,3,4,5",Social Distancing,4,3,4,4,3,5,4,3,1, ,28,2,5,CA,1,436,2,5.33333333333333,5.44444444444444,5,5.5,5.5,5.5,2.93333333333333,2.94117647058824,5.16666666666667,3.75,2,4,2,4,5,2,4,4,3,2,4,3,4,2,4,5,3,2,3.48,3.75,5.36363636363636,4,9,0,5.66666666666667,5.33333333333333,1,0,5.5,5.33333333333333,5,5.6
R_1PY5F9Nl2gtyF9N,1,4,3,7,2,4,3,4,5,4,3,6,3,4,2,2,3,3,4,4,5,7,1,3,3,2,3,3,3,2,3,3,2,1,2,2,4,4,4,2,4,3,4,3,2,3,1,3,2,3,4,4,1,2,5,2,5,6,3,6,4,3,7,4,2,7,2,5,3,4,4,5,3,3,6,3,5,6,7,3,6,7,5,4,3,4,3,4,5,3,5,4,3,"2,3", ,4,3,2,5,3,5,3,5,2, ,27,2,5,CA,1,303,2,4,3.77777777777778,3.33333333333333,5,3.5,3,2.46666666666667,2.88235294117647,4.5,3.875,4,5,1,6,1,3,5,4,3,5,5,5,2,1,2,3,4,5,3.8,3.75,3.90909090909091,4,7,0,3.66666666666667,3.83333333333333,1,0,4,3.33333333333333,3,4.2
R_3qyEdsWadDk1zYU,1,6,7,6,5,7,5,7, ,5,5,6,5,7,7,7,7,4,6,7,4,6,3,3,3,3,3,3,3,3,1,3,2,1,3,1,1,3,3,3,3,4,4,4,4,3,4,3,3,3,4,3,3,2,5,6,6,2,2,5,3,2,5,6,2,3,5,3,5,1,6,1,1,2,6,2,2,3,2,5,2,5,5,2,5,4,4,4,4,4,4,3,4,2, ,4,1,1,4,3,4,2,2,2, ,27,2,5,IL,1,546,2,5.81818181818182,6.11111111111111,6,6,6,5,2.4,3.29411764705882,4.33333333333333,3.875,5,6,3,6,5,5,3,7,7,7,6,6,5,6,6,3,6,3,5.2,2.625,5.81818181818182,2,2,1,5.66666666666667,6.33333333333333,0,1,5.66666666666667,7,7,6
R_BySSIpvSkZQL4dj,1,5,3,5,5, , ,2, , ,5,5,3,7,5,7,1,1,4,5,4,5,2,2,1,1,1,2,1,1,1,2,1,1,1,1,1,4,4,4,4,4,4,4,3,4,4,4,4,4,4,2,4,4,4,5,4,1,1,4,4,1,5,5,1,4,4,3,5,1,7,1,5,1,4,1,5,1,1,5,1,5,3,1,4,5,5,5,5,5,5,4,4,"3,4", ,2,3,2,2,1,3,1,1,2, ,41,2,5,OH,1,442,2,4.125,4.33333333333333,4,4.33333333333333, ,4,1.26666666666667,3.82352941176471,3.16666666666667,4.75,4,7,3,7,4,5,3,7,7,3,7,7,7,7,7,5,7,4,5.44,1.875,4.125,2,8,1,4.33333333333333,4.33333333333333,0,1,3.33333333333333,6.33333333333333,7,3.8
R_3fcyABEGC8CXi5k,1,5,5,5,5, , ,5, ,5,2,5,5,7,4,7,4,4,4,4,4,4,2,3,3,2,2,2,2,3,2,2,2,2,3,2,2,3,4,3,3,3,2,4,3,3,3,3,3,4,3,2,3,3,5,5,5,1,2,5,1,1,1,6,3,1,5,1,4,1,7,1,3,1,6,1,5,1,1,6,1,1,1,1,1,4,3,4,4,4,4,4,4,2, ,4,4,3,4,3,4,3,4,1, ,56,2,5,AR,1,498,2,4.66666666666667,4.66666666666667,5,5, ,3.5,2.26666666666667,3.05882352941176,3.83333333333333,3.875,7,7,7,5,7,7,4,7,7,5,7,7,7,7,7,7,7,7,6.2,3.625,4.66666666666667,3,2,1,4,5,0,1,4,6,7,4
R_21bnScmCmhvXVYO,1,8,5,8,6,6,5,3,5,5,5,5,5,7,5,7,4,4,5,4,4,4,3,3,3,2,2,2,2,3,2,2,1,1,1,2,1,4,4,3,4,3,2,4,4,3,4,4,2,2,4,3,3,2,7,7,7,5,1,7,1,1,1,7,1,1,5,1,1,1,7,1,5,1,7,1,7,1,1,7,1,7,1,1,1,4,5,5,5,5,5,5,5,"2,4", ,4,4,1,3,2,2,2,4,1, ,35,2,5,OK,1,498,2,5.5,4.88888888888889,5.66666666666667,5.75,5.5,5,2,3.23529411764706,5.66666666666667,4.875,7,7,7,7,7,7,7,7,7,3,7,7,7,7,7,7,7,7,6.76,2.75,5.54545454545455,3,2,1,4.66666666666667,5,0,1,4.33333333333333,6,7,4.4
R_9Qs094EDXPgKRtD,1,7,8,7,7,7,8,7,6,7,8,7,6,6,7,6,5,6,6,7,6,5,2,2,3,3,2,2,3,2,2,3,2,3,2,3,2,3,4,3,3,4,3,3,4,3,2,3,3,3,4,3,3,4,6,5,6,5,6,6,6,7,6,5,6,7,6,6,7,6,5,6,5,6,6,7,6,5,6,5,6,6,5,5,6,4,3,4,4,3,4,3,4,"1,3,4", ,4,3,4,4,4,3,4,3,1, ,45,2,5,CA,2,450,2,7.08333333333333,6,7,7.25,7.5,7,2.4,3.23529411764706,5.66666666666667,3.625,2,1,2,2,1,2,1,2,2,3,2,1,3,2,2,3,3,2,3,3.625,7.18181818181818,4,6,0,6.33333333333333,5.83333333333333,0,1,5.83333333333333,6.33333333333333,6,5.8
R_2EyqLiXFrnMvwwb,1,5,7,5,6,7,5,4, ,5,7,7,5,7,6,7,6,4,6,7,4,6,2,3,3,2,3,3,2,2,2,3,1,1,1,1,1,4,4,4,4,4,4,4,3,4,4,4,2,3,3,1,3,3,7,7,7,4, ,2,2,1,1,6,4,4,2,6,5,5,6,2,4,2,2,1,1,5,4,4,6,5,6,1,1,5,5,5,5,4,4,4,4,"2,3", ,4,3,4,1,2,4,3,3,2, ,31,2,5,CO,1,463,2,5.72727272727273,5.88888888888889,5,6,6,6,2,3.41176470588235,5.4,4.5,6,7,7,4,4,2,3,3,6,4,6,7,3,4,2,2,7,7,4.4,3,5.72727272727273,4,7,0,5.33333333333333,6.16666666666667,0,1,5.33333333333333,7,7,5.6
R_3HPRHunQo6yovhT,1,6,7,7,8,7,6,7,8,7,8,7,7,5,6,6,7,7,7,6,5,6,3,2,3,4,3,3,2,4,3,3,2,2,3,3,4,3,2,3,4,3,4,2,3,4,3,3,4,2,3,4,3,3,7,6,7,6,7,7,6,5,6,7,6,5,6,7,6,5,7,7,6,5,7,6,5,6,7,6,6,7,6,6,7,4,5,4,5,4,5,5,4,"1,2", ,4,5,4,5,4,5,4,5,1, ,35,1,4,NJ,5,550,2,7.08333333333333,6.11111111111111,7,7,6.5,7.5,2.93333333333333,3.11764705882353,6.66666666666667,4.5,2,3,2,2,3,1,2,3,1,2,3,2,2,1,2,2,2,1,3.24,4.5,7,1,5,0,6,6.16666666666667,1,1,6.33333333333333,5.66666666666667,5.5,6.2
R_TurfiTDigTkNgm5,1,5,5,5,6,8, ,4, ,5,2,6,3,7,6,7,6,4,5,6,7,6,2,2,2,1,2,2,3,2,2,2,3,2,1,1,2,2,2,2,2,3,2,2,3,3,4,3,2,2,3,2,3,2,6,6,7,1,1,5,1,1,4,6,2,1,5,1,7,3,5,1,1,6,6,1,1,6,1,6,1,4,5,5,5,4,2,4,3,3,4,4,3,4, ,4,4,4,5,4,4,3,4,2, ,50,2,5,MO,1,546,2,4.9,6,5,5.25,8,2.5,1.93333333333333,2.47058823529412,4.33333333333333,3.375,7,7,4,6,7,7,1,5,7,7,2,7,2,7,7,3,3,3,5,4,4.9,2,4,1,6,6,0,0,5.66666666666667,6.66666666666667,7,6
R_3qssUpukRLuUNU8,1,8,2,2,7, , ,3, , , ,6,3,7,7,7,7,5,2,7,5,7,3,3,3,3,3,3,3,3,3,2,2,1,3,2,2,4,4,4,4,3,4,4,4,4,4,4,4,4,4,2,4,3,7,7,7,7,2,6,7,7,7,3,6,7,2,7,5,5,3,6,6,3,2,4,2,4,6,2,7,2,6,4,6,4,4,4,4,4,4,5,5,"2,4", ,3,4,4,2,5,3,4,4,2, ,42,2,5,MO,1,374,2,4.42857142857143,6,6,3.33333333333333, ,3,2.6,3.76470588235294,6,4.25,1,1,1,2,1,1,3,3,2,2,5,4,4,2,1,2,4,2,2.28,3.625,4.42857142857143,2,2,1,4.66666666666667,6.66666666666667,1,1,5.5,7,7,5.6
R_31Gar7mkJhC7gxR,1,6,7,8,7,8,6,7,8,7,8,7,6,5,6,7,6,7,6,7,6,5,1,4,3,4,3,4,4,3,3,4,3,3,4,3,4,3,4,3,4,3,4,2,3,4,3,2,3,2,4,4,3,4,6,7,6,7,5,6,6,7,6,7,6,7,7,6,7,6,7,6,7,7,6,6,7,6,7,6,7,7,6,7,7,4,5,4,5,3,4,5,4,1, ,4,3,5,4,5,5,4,5,1, ,25,2,5,AK,4,394,2,7.08333333333333,6.11111111111111,6.66666666666667,7.25,7,7,3.33333333333333,3.23529411764706,6.16666666666667,4.25,2,1,2,2,1,2,1,2,2,1,1,2,2,1,1,2,1,1,2.96,4.375,7,4,1,0,6,6.16666666666667,1,1,6,6.33333333333333,6,5.8
R_1I9QXCmEjholkBT,1,7,6,7,8,8,7,8,7,8,7,6,7,7,6,7,6,5,7,6,5,7,4,3,2,3,4,3,4,3,2,3,4,3,4,3,4,4,3,2,3,4,3,4,3,4,3,4,3,3,4,3,4,3,7,6,5,6,7,6,7,6,5,6,7,6,5,5,6,7,6,5,4,5,6,7,6,5,6,7,5,7,6,3,4,5,4,5,4,3,4,5,4,2, ,5,4,5,4,5,4,3,4,1, ,26,1,4, ,3,438,2,7.16666666666667,6.22222222222222,7.66666666666667,6.75,7.5,7,3.26666666666667,3.35294117647059,6.16666666666667,4.25,1,2,3,1,2,3,2,1,3,4,3,1,3,2,3,2,5,4,3.52,4.25,7.18181818181818, ,2,1,6,6.33333333333333,1,1,6,6.66666666666667,7,6.2
R_336VPTBAb5aoLnH,1,7,6,6,7,7,7,6,7,7,7,8,6,5,5,6,7,6,5,6,6,7,3,3,4,4,3,2,3,3,4,3,3,3,4,2,3,3,3,4,4,3,2,3,3,4,3,3,4,3,3,4,4,3,6,7,5,6,6,7,6,6,7,6,5,6,6,7,6,5,6,7,6,5,5,6,6,7,6,6,5,5,6,6,7,5,4,4,5,5,4,4,5,"1,2", ,4,4,5,3,4,4,5,4,2, ,55,2,4,WA,4,293,2,6.75,5.88888888888889,6.66666666666667,6.75,7,6.5,3.13333333333333,3.29411764705882,6.16666666666667,4.5,2,2,1,3,2,1,2,3,1,2,3,2,1,2,3,2,2,1,3,4.125,6.72727272727273,4,5,0,5.33333333333333,6.16666666666667,1,1,6,5.66666666666667,5.5,6
R_2ttGeztWOE2GCsj,1,5,6,5,5,6,5,5,5,6,6,7,5,7,7,7,4,4,7,7,4,6,2,2,2,2,2,2,3,2,2,2,2,2,1,1,1,3,3,3,4,4,4,4,3,4,4,4,2,3,4,3,4,2,7,7,7,7,7,7,7,2,6,4,2,6,4,6,1,2,6,3,5,2,5,3,2,2,3,4,7,2,7,1,6,5,5,5,5,5,5,5,5,"3,4", ,4,4,4,4,4,4,4,4,2, ,33,2,5,CO,1,530,2,5.5,5.88888888888889,5,6,5.5,5.5,1.86666666666667,3.41176470588235,7,5,1,6,2,6,2,2,7,6,5,3,6,5,6,5,1,1,7,2,4,4,5.54545454545455,4,8,1,6,5.83333333333333,0,1,5.33333333333333,7,7,5.6
R_87hOG1Hcg9MOJih,1,5,6,5,5, , ,5, ,5,5,5,5,7,7,7,7,7,7,7,6,7,2,1,1,1,1,1,1,1,1,2,1,1,1,1,1,3,2,2,2,2,2,2,2,2,2,2,1,2,2,1,2,1,6,6,6,3,2,6,1,1,4,6,1,1,5,1,1,1,6,1,1,1,5,1,5,1,1,5,1,6,1,1,1,4,4,4,4,4,4,3,4,2, ,2,2,2,2,2,2,3,2,1, ,27,2,5,KY,1,359,2,5.11111111111111,6.88888888888889,5,5.25, ,5,1.13333333333333,1.88235294117647,4.83333333333333,3.875,7,7,4,7,7,7,7,7,7,7,7,7,7,7,7,7,7,7,6.44,2.125,5.11111111111111,3,2,1,6.66666666666667,7,0,0,6.83333333333333,7,7,6.8
R_1QLtsOJhjESREP3,1,5,8,5,5,8,8,5, ,5,6,6,5,7,7,7,7,7,7,7,4,7,2,2,1,1,1,2,1,1,1,1,2,1,2,1,1,3,3,3,4,3,2,3,2,3,4,3,2,3,3,2,3,3,7,7,7,2,2,7,2,1,5,5,1,2,5,1,4,1,5,1,2,2,5,1,4,1,1,6,2,7,1,5,4,4,5,4,4,5,5,5,5,2, ,4,3,2,3,1,4,2,3,1, ,32,2,5,CT,1,616,2,6,6.66666666666667,5,6,8,5.5,1.33333333333333,2.88235294117647,5.33333333333333,4.625,6,7,3,7,6,7,4,7,7,6,6,7,7,7,6,7,3,4,5.76,2.75,6,1,2,1,6,7,0,0,6.5,7,7,6.4
R_emUAI8TPTTPIXT3,1,5,6,7,7,7,2,5,7,7,6,6,6,7,6,6,7,2,5,6,7,6,3,4,2,3,2,2,3,3,3,3,4,3,3,2,2,4,3,2,2,3,3,2,3,3,2,4,3,3,2,3,3,4,7,7,7,3,1,6,1,1,1,7,1,1,7,1,2,1,6,1,1,1,7,1,5,2,2,6,1,6,2,1,1,4,4,4,4,5,4,4,4,2, ,4,5,4,3,5,4,5,5,1, ,31,1,4,CA,1,542,2,5.91666666666667,5.77777777777778,5.66666666666667,6.5,4.5,6,2.8,2.88235294117647,5.16666666666667,4.125,7,7,7,7,7,7,6,7,7,7,7,7,6,6,7,6,7,7,6.64,4.375,5.81818181818182,4,2,1,6,5.66666666666667,1,0,5.5,6.33333333333333,6.5,6.2
R_29o9i4VHIrmVpMN,1,8,6,2,8,6, ,7, ,5,3,6,2,7,6,7,4,4,6,4,4,5,4,4,2,2,2,3,2,4,2,2,4,2,2,2,1,4,3,4,3,4,2,4,4,4,4,3,3,3,3,1,3,3,5,5,5,7,3,4,6,3,5,7,2,5,3,5,6,2,5,1,4,3,5,3,4,3,3,5,5,1,6,5,5,4,4,4,2,4,5,4,4,4, ,5,4,5,5,4,5,4,4,1, ,34,2,5,OR,1,596,2,5.3,5.22222222222222,7.66666666666667,4.75,6,2.5,2.53333333333333,3.23529411764706,4.83333333333333,3.875,2,5,3,6,3,3,2,6,7,4,5,5,5,5,3,2,3,3,4.08,4.5,5.3,4,4,1,5.33333333333333,5.16666666666667,1,1,4.83333333333333,6,7,5
R_27m0leSWmIMim3F,1,5,5,5,3,2,8,6,3,6,6,6, ,7,6,7,4,6,7,6,7,6,2,2,2,2,2,2,1,2,2,2,2,2,1,1,1,3,3,3,3,3,3,3,3,3,2,3,2,2,3,2,2,2,6,6,6,5,2,6,5,4,4,6,7,5,4,5,4,2,6,3,3,3,5,2,2,4,4,3,5,5,4,5,4,4,4,4,4,4,4,4,4,2, ,4,4,4,5,3,5,3,4,1, ,55,2,5,VA,1,530,2,5,6.22222222222222,4.66666666666667,5.5,5,6,1.73333333333333,2.64705882352941,5.16666666666667,4,3,4,4,1,3,3,4,6,5,5,5,6,4,4,3,4,3,4,4.08,4,5.2,3,2,1,6.66666666666667,6,0,0,6,6.66666666666667,7,6
R_Z3Nb5cNA2ObLZgB,1,6,8,5,7,7,5,7,8,6,5,7,8,7,5,7,5,7,6,7,4,7,4,3,4,2,4,4,3,4,3,3,4,3,3,4,3,4,4,3,1,4,3,4,3,4,3,4,3,4,3,4,3,3,7,5,6,7,4,6,6,7,5,6,7,4,6,7,5,6,7,4,6,7,6,5,6,7,5,6,7,5,6,7,5,5,4,5,5,5,4,3,5,"1,2,3", ,4,5,3,4,5,3,4,5,2, ,51,1,4,CA,3,423,2,6.58333333333333,6.11111111111111,6.66666666666667,6.5,6,6.5,3.4,3.35294117647059,5.83333333333333,4.5,2,1,3,1,4,1,3,2,4,2,1,3,1,3,1,2,1,3,3.2,4.125,6.45454545454545,4,9,0,5,6.66666666666667,1,1,5.66666666666667,7,7,5.4
R_2YPRucF8FBGiJB6,1,8,6,5,7,8,7,5, ,5,5,7,6,7,7,7,7,6,7,7,7,7,2,1,1,2,2,2,1,1,1,2,1,1,2,1,1,3,3,3,4,4,4,4,3,4,4,4,2,4,3,2,3,2,5,7,6,2,1,3,1,1,1,7,1,1,7,1,2,1,7,1,1,2,7,1,6,1,1,7,1,6,2,1,1,5,5,5,4,4,5,5,5,2, ,4,4,3,5,5,3,3,4,1, ,25,2,5,MO,1,591,2,6.27272727272727,6.88888888888889,6.66666666666667,5.75,7.5,5.5,1.4,3.29411764705882,4,4.75,7,7,7,7,7,7,6,7,7,7,6,7,7,7,7,6,7,7,6.8,3.875,6.27272727272727,2,2,1,7,6.83333333333333,0,1,6.83333333333333,7,7,7
R_2wcdrCmfhoh5cxe,1,7,7,7,8,8,8,3,6,5,5,7,3,7,7,7,7,7,7,7,5,7,3,3,3,3,3,3,4,3,3,3,2,3,3,3,1,3,2,3,4,2,2,4,3,2,3,4,3,1,2,3,3,2,7,7,7,4,3,6,6,5,7,1,3,7,1,6,6,3,2,6,5,4,5,4,6,6,6,4,4,6,4,6,5,4,3,3,2,4,4,3,2,2, ,5,5,5,5,5,4,4,4,1, ,34,2,5,CT,1,686,2,6.16666666666667,6.77777777777778,6,6.5,8,4,2.86666666666667,2.70588235294118,5.66666666666667,3.125,2,3,1,5,1,2,2,5,2,3,4,4,2,2,4,4,2,3,3.04,4.625,6.18181818181818,1,2,1,6.33333333333333,7,1,0,6.66666666666667,7,7,6.6
R_qXcYZj80ldc9Zi9,1,7,5,6,7,8,6,7,5,5,6,7,5,7,6,7,7,7,7,7,7,6,3,3,3,2,3,2,2,3,3,2,3,3,3,2,2,2,2,2,3,3,4,3,3,3,4,3,2,3,3,2,3,2,7, ,5,6,5,7,6,3,3,2,3,4,1,5,5,5,3,1,5,4,3,2,2,2,5,4,5,3,6,2,6,2,2,2,2,3,4,2,2,"2,3,4", ,4,3,4,4,2,4,4,4,2, ,38,2,5,WV,1,493,2,6.16666666666667,6.77777777777778,7,5.75,7,5.5,2.6,2.76470588235294,6,2.375,2,5,5,5,4,3,3,3,7,3,4,6,6,3,3,2,6,2,3.6,3.625,6.27272727272727,3,7,0,6.66666666666667,6.83333333333333,1,0,6.66666666666667,7,7,6.6
R_vDg8LSb2SVOJe8N,1,5,5,5,5, , ,5,5, ,5,5,5,7,4,7,4,4,4,4,4,4,1,1,1,1,1,1,1,1,1,1,1,1,1,1,1,3,3,3,3,3,3,3,3,3,3,3,3,3,3,3,3,3,5,4,5,5,3,5,1,1,1,6,1,1,6,1,1,1,7,1,1,1,6,1,6,1,1,6,1,5,1,1,1,5,5,5,5,5,5,5,5,2, ,3,3,3,3,3,3,3,3,1, ,35,2,5,IL,1,680,2,5,4.66666666666667,5,5, ,5,1,3,4.5,5,7,7,7,7,7,7,7,7,7,7,7,7,7,7,7,7,7,7,6.72,3,5,2,2,1,4,5,0,1,4,6,7,4
R_cNsBzRhMUCWMHmh,1,5,5,5,5,6,5,5, ,5,5,4,5,7,6,7,5,4,7,6,4,6,2,2,2,2,3,3,2,2,1,2,1,2,3,1,2,3,3,3,2,3,4,4,3,2,4,3,2,3,3,2,3,2,5,6,6,3,2,5,5,3,6,2,2,5,3,5,2,3,6,2,5,5,5,2,4,3,2,5,3,4,4,3,5,4,4,4,5,4,5,5,4,2, ,4,2,2,4,2,4,3,4,2, ,36,2,5,ID,1,433,2,5,5.77777777777778,5,4.75,5.5,5,2,2.88235294117647,4.5,4.375,3,5,2,6,3,3,6,5,6,3,3,6,5,6,5,4,5,3,4.32,3.125,5,4,2,1,5.66666666666667,5.83333333333333,0,0,5.33333333333333,6.66666666666667,7,5.6
R_2whOtRHoxykX5d0,1,3,2,8,3,7,7,8, ,3,7,7,6,7,7,7,6,7,7,7,5,7,2,3,2,3,4,3,3,3,2,3,2,2,2,2,1,2,3,3,3,2,4,2,2,3,1,3,4,1,3,4,1,2,5,4,4,3,3,3,6,4,4,5,3,1,5,2,6,5,7,3,2,6,3,2,5,7,5,6,2,3,5,6,6,2,4,4,2,4,2,5,3,2, ,4,4,5,4,4,5,4,3,2, ,61,2,5,LA,2,626,2,5.54545454545455,6.66666666666667,4.66666666666667,5,7,6.5,2.46666666666667,2.52941176470588,3.66666666666667,3.25,2,4,4,5,7,6,2,3,5,6,2,6,1,3,6,3,2,2,4.12,4.125,5.54545454545455,3,2,1,6.33333333333333,6.83333333333333,1,0,6.5,7,7,6.4
R_3G0yRH810wtV5n1,1,5,7,5,6, , ,4, , ,2,6,5,7,5,7,7,4,7,7,4,6,1,1,1,2,2,1,1,2,1,3,1,2,1,1,2,2,1,2,1,2,3,3,3,2,2,3,2,3,3,3,2,2,7,7,7,5,5,7,1,1,1,7,1,1,7,1,2,1,7,1,1,6,7,1,5,1,1,7,1,7,1,1,1,4,5,5,5,5,4,3,5,"4,5",making art/secondary work,3,4,3,2,1,3,3,4,2, ,44,2,5,IL,1,778,2,5,6,5,6, ,3.5,1.46666666666667,2.29411764705882,6.33333333333333,4.5,7,7,7,7,7,7,6,7,7,7,2,7,7,7,7,7,7,7,6.68,2.875,5,2,4,1,5.33333333333333,6.33333333333333,0,0,5.5,7,7,5.8
R_31QT186MTHxOiuK,1,5,5,5,5,6,6,6, ,5,5,5,5,7,7,7,7,7,7,7,7,7,1,1,1,1,1,2,1,2,1,1,1,1,1,1,1,3,2,2,4,4,2,3,4,4,4,4,3,3,4,3,3,2,7,7,7,1,4,7,1,1,1,6,1,1,6,1,1,1,7,1,1,1,7,1,6,1,1,7,1,7,4,1,1,4,4,4,5,5,5,5,5,4, ,2,2,2,2,2,2,2,2,2, ,61,2,5,OR,1,776,2,5.27272727272727,7,5.33333333333333,5,6,5,1.13333333333333,3.17647058823529,5.5,4.625,7,7,7,7,7,7,7,7,7,7,7,7,7,7,7,4,7,7,6.76,2,5.27272727272727,4,4,1,7,7,0,1,7,7,7,7
R_1g0ITd3Mkg28O8Q,1,5,5,5,6,5,5,6,5,6,6,6,6,7,7,7,1,2,7,4,4,6,3,3,2,2,2,4,2,2,1,2,2,1,3,1,1,4,3,4,4,4,4,4,4,4,4,4,3,3,4,3,4,3,7,7,7,7,7,7,5,3,6,6,1,2,6,5,4,1,5,1,5,1,6,1,5,1,1,6,3,5,7,1,1,5,5,5, ,5, ,4,5,"3,4", ,4,4,5,3,5,5,4,4,2, ,41,2,5,LA,1,691,2,5.5,5,5.66666666666667,5.5,5,6,2.06666666666667,3.70588235294118,7,4.83333333333333,3,5,2,7,6,3,4,7,7,3,7,7,7,7,5,1,7,7,5.36,4.25,5.54545454545455,3,8,1,6,4.5,0,1,4.5,6,7,5
R_1Nw7YD9HxYO5wqX,1,5,4,3,5,6,5,5,6,6,6,5,5,5,6,5,5,5,5,6,5,6,2,1,2,1,1,2,1,2,1,2,1,1,2,1,1,3,3,3,3,4,3,3,2,3,3,3,4,3,2,3,3,4,5,4,5,5,4,5,4,5,5,5,5,3,4,5,5,4,4,3,4,4,5,4,4,5,4,5,3,4,4,4,5,4,3,3,4,4,4,4,4,"2,4", ,3,3,4,3,3,3,4,4,1, ,28,2,4,TX,1,668,2,5.08333333333333,5.33333333333333,5,4.5,5.5,5.5,1.4,3.05882352941176,4.66666666666667,3.75,4,3,3,3,5,3,3,4,5,4,4,4,3,4,5,4,4,3,3.96,3.375,5,3,2,1,5.33333333333333,5.33333333333333,0,1,5.33333333333333,5.33333333333333,5,5.4
R_ZLku9Jv5ABVvgIh,1,7,7,8,8,6,7,7,7,7,8,8,7,5,6,6,6,7,5,7,6,7,3,3,4,2,3,3,3,3,4,3,3,4,3,3,4,3,3,4,3,2,4,3,3,4,3,3,4,3,2,2,3,3,7,6,7,6,7,7,6,7,7,5,5,4,6,6,6,5,6,6,7,7,6,6,7,5,5,6,7,6,6,6,6,5,4,5,4,5,4, ,5,"1,2", ,4,5,4,5,4,5,5,4,2, ,27,2,5,VA,1,348,2,7.25,6.11111111111111,7.33333333333333,7.5,6.5,7.5,3.2,3.05882352941176,6.66666666666667,4.57142857142857,2,1,1,3,4,2,2,3,2,1,1,2,3,3,1,2,2,2,3.16,4.5,7.27272727272727,3,5,0,5.66666666666667,6.33333333333333,1,1,6.16666666666667,6,5.5,6
R_3HowAluk0DndDET,1,7,7,7,7,7,7,7, , ,7,7,7,6,6,6,6,6,6,6,6,6,1,1,1,1,1,1,1,1,1,1,1,1,1,1,1,4,4,4,4,4,4,4,4,4,4,4,4,4,4,4,4,4,7,7,7,5,5,7,1,1,1,7,1,1,7,1,1,1,6,1,1,1,6,1,6,1,1,6,1,4,4,1,1,4,4,4,4,4,4,4,4,2, ,4,4,4,4,3,3,3,3,1, ,28,2,4,FL,1,716,2,7,6,7,7,7,7,1,4,6.33333333333333,4,7,7,7,7,7,7,7,7,7,7,7,7,7,7,7,4,7,7,6.6,3.5,7,3,2,1,6,6,0,1,6,6,6,6
R_xAh71X6fvzPQSSl,1,6,7,4,3,2,7,3,6,8, ,3,5,7,7,7,7,7,7,7,7,7,3,1,2,2,1,1,2,3,3,2,4,4,1,2,2,1,2,3,2,4,4,2,3,3,4,3,3,4,1,1,1,4,6,3,3,1,6,4,2,2,3,3,5,6,2,5,3,7,6,3,2,1,5,4,3,5,3,2,2,4,4,2,5,4,3,4,1,2,4,3,3,"3,4", ,2,2,5,1,2,1,5,3,1, ,27,2,5,CA,1,796,2,4.90909090909091,7,4,5.5,4.5,5,2.2,2.64705882352941,3.83333333333333,3,6,6,5,3,2,3,5,1,5,6,7,4,3,5,6,4,6,3,4.2,2.625,4.8,4,8,1,7,7,0,0,7,7,7,7
R_3j9zWrCHAW3CRbC,1,5,5,5,5,5,5,5,5,5,5,5,5,4,4,4,4,4,4,4,4,4,3,4,4,4,4,4,4,4,4,2,2,2,2,2,2,3,3,2,2,1,3,3,3,1,3,1,1,2,2,2,2,2,4,4,4,5,5,5,6,1,1,6,1,1,1,6,1,1,6,1,1,6,6,6,6,1,1,1,4,1,1,2,1,1,3,3,3,3,1,1,1,2, ,5,5,4,4,4,4,4,4,1, ,24,1,5,PA,1,307,2,5,4,5,5,5,5,3.13333333333333,2.11764705882353,4.5,2,2,7,7,7,7,2,7,7,7,7,2,2,7,7,4,7,6,7,5.16,4.25,5,1,2,1,4,4,1,0,4,4,4,4
R_1MKcdREmI5D2ciJ,1,6,5,4,6, , ,3, ,6,5,5,5,7,6,7,4,4,7,5,6,5,2,2,1,2,2,2,2,2,2,2,1,1,2,1,1,3,2,3,2,2,2,3,3,3,4,3,3,3,2,2,2,2,6,6,6,2,2,5,1,1,5,4,2,1,3,3,5,3,6,1,5,2,4,1,4,1,1,7,1,4,4,1,5,4,4,4,4,4,4,3,4,4, ,4,4,3,4,3,4,3,4,2, ,55,2,5,NC,1,839,2,5,5.66666666666667,5,5, ,5,1.66666666666667,2.58823529411765,4.5,3.875,7,7,3,6,7,5,3,5,7,3,6,7,7,7,7,4,7,3,5.32,3.625,5,3,4,1,6.33333333333333,5.33333333333333,0,0,5.33333333333333,6.33333333333333,7,5.6
R_2XdofD4c7DFEYO3,1,3,5,6,7,5,4,3,2,3,4,5,7,3,5,4,2,5,1,3,5,7,2,3,4,2,1,2,3,4,2,3,2,2,1,3,4,1,2,3,2,3,4,1,2,3,4,3,2,2,1,3,2,4,5,3,5,3,6,4,2,3,5,6,4,3,1,2,3,5,6,4,3,7,2,3,5,4,3,2,6,3,4,4,3,4,2,5,3,2,2,4,2,2, ,1,3,4,3,1,2,4,3,2, ,28,2,5,GA,3,467,2,4.5,3.88888888888889,4.33333333333333,4.75,4.5,5.5,2.53333333333333,2.47058823529412,4.33333333333333,3,6,5,3,4,5,6,5,3,4,5,1,5,4,5,2,4,4,5,4.04,2.625,4.72727272727273,3,2,1,3.66666666666667,4,1,0,4.16666666666667,3.33333333333333,3.5,4
R_1nO882DOQBGFr4Q,1,6,5,6,6, , ,3, ,5,5,3,5,7,7,7,6,5,7,5,7,6,4,4,4,3,3,4,2,4,2,3,2,2,4,3,1,4,4,4,4,4,4,4,4,4,4,4,4,4,4,4,4,3,7,6,7,4,1,6,2,5,3,5,2,3,5,2,1,1,7,2,3,5,3,1,1,1,3,5,3,1,6,1,2,5,5,5,4,4,4,4,4,2, ,2,4,3,2,1,2,2,4,1, ,31,2,5,NJ,1,788,2,4.88888888888889,6.33333333333333,5,4.75, ,5,3,3.94117647058824,5.16666666666667,4.375,6,3,5,6,5,6,7,7,6,5,3,7,7,5,5,2,7,6,5,2.5,4.88888888888889,1,2,1,7,6,1,1,6.33333333333333,6.33333333333333,7,6.6
R_1QsYeUgp1SXkqZi,1,5,5,5,5, ,8,5, , ,8,5,5,7,6,7,4,7,5,7,6,7,3,2,2,4,3,2,2,3,1,3,1,1,2,1,1,4,4,4,4,4,4,4,4,4,4,4,4,4,4,4,4,4,5,7, ,7,3,7,1,1,4,7,1,1,6,1,5,1,7,1,1,1,7,1,6,1,1,7,1,7,7,4,1,3,4,4,5,4,5,5,5,"2,4", ,4,3,3,5,5,5,1,4,1, ,34,2,5,TN,1,555,2,5.66666666666667,6.22222222222222,5,5,8,6.5,2.06666666666667,4,5.8,4.375,7,7,4,7,7,7,3,7,7,7,7,7,7,7,7,1,4,7,6.28,3.75,5.66666666666667,3,2,1,5.66666666666667,6.5,0,1,5.83333333333333,7,7,5.6
R_VQpzURougs6o4pP,1,6,7,6,5,5,6,5,6,5,6,7,6,6,7,6,5,6,6,5,6,3,2,3,2,2,3,2,2,3,2,3,2,3,2,3,2,2,3,3,4,3,4,3,4,2,3,2,3,2,3,2,3,2,6,5,6, ,5,6,4,5,6,5,4,5,6,4,5,6,4,5,4,5,4,5,6,4,5,6,5,4,3,4,3,4,5,4,3,4,3,4,4,"1,2,3,4", ,4,3,4,3,4,3,4,3,1, ,63,2,5,NY,2,848,2,5.83333333333333,5.55555555555556,5.33333333333333,6.25,5.5,6,2.4,2.82352941176471,5.6,3.875,4,3,2,4,3,4,3,2,3,4,3,3,4,3,3,5,4,5,3.88,3.5,5.81818181818182,1,9,0,6.33333333333333,5.16666666666667,0,0,5.5,5.66666666666667,6,5.4
R_1kLg0M50KcCkt7M,1,6,7,8,8,8,8,8,8,7,6,7,6,7,7,7,7,7,7,7,6,6,2,1,2,2,2,3,2,3,2,3,2,2,3,2,3,3,2,2,2,3,2,3,2,3,3,2,2,3,2,3,2,2,5,6,6,5,4,6,3,5,5,6,5,6,3,3,3,4,4,2,3,4,6,3,3,5,5,4,4,5,4,4,5,4,4,4,4,3,2,3,4,2, ,4,3,3,4,3,4,4,4,2, ,32,1,4,PA,1,825,2,7.25,6.77777777777778,7.33333333333333,7.25,8,6,2.26666666666667,2.41176470588235,5.33333333333333,3.5,5,3,3,3,2,5,5,4,6,5,4,5,3,3,4,4,4,3,4.08,3.625,7.18181818181818,1,2,1,6.66666666666667,6.83333333333333,0,0,6.66666666666667,7,7,6.6
R_3eeKGOhMYY3qjlD,1,8,7,7,7,7,7,7,7,7,7,7,7,6,6,6,6,6,6,6,6,6,4,1,4,1,1,4,3,1,1,1,1,4,4,1,2,3,3,4,4,3,4,3,3,2,3,3,4,3,2,3,3,1,7,7,7,7,6,6,3,6,1,6,6,4,5,6,5,2,5,1,3,6,7,5,7,3,6,7,3,2,5,3,6,5,5,4,4,5,4,5,4,"1,2,3,4", ,2,1,4,5,5,1,2,3,1, ,44,2,5,LA,1,704,2,7.08333333333333,6,7.33333333333333,7,7,7,2.2,3,6.66666666666667,4.5,5,2,7,2,4,2,3,6,7,5,2,3,5,2,5,3,5,2,4.36,2.875,7.09090909090909,3,9,0,6,6,0,1,6,6,6,6
R_6uiciNNfOY4kUyR,1,6,6,6,5,6,6,5, , , ,6,6,7,6,7,5,5,6,4,7,7,3,3,2,2,2,2,3,3,1,3,1,1,3,1,1,4,3,3,4,4,4,4,4,4,4,3,3,3,4,3,4,4,7,6,7,6,4,7,1,1,3,7,1,1,6,1,6,1,7,1,1,1,7,1,7,1,1,7,1,6,4,2,1,5,5,5,4,4,5,4,5,4, ,5,4,4,5,2,4,5,5,1, ,24,2,5,ID,1,848,2,5.77777777777778,6,5.33333333333333,6,6,6,2.06666666666667,3.64705882352941,6.16666666666667,4.625,7,7,5,7,7,7,2,7,7,7,7,7,7,7,7,4,6,7,6.48,4.25,5.77777777777778,4,4,1,6.33333333333333,5.83333333333333,0,1,6,6,7,6.2
R_3HSmmSDegNB2Gtm,1,8,8,5,8,5, ,5, , ,5,8,5,4,4,7,7,1,7,7,4,7,1,2,2,2,2,2,2,2,2,2,2,1,1,1,1,2,2,2,2,3,3,3,3,3,3,3,1,2,3,4,4,1,7,7,7,4,4,7,4,4,4,4,1,2,4,4,1,1,7,1,1,1,5,1,6,1,1,5,1,5,4,1,1,5,5,5,5,5,5,3,5,"2,4,5",Playing Video Games,4,5,3,5,5,5,5,5,1, ,24,2,5,CO,1,823,2,6.33333333333333,5.33333333333333,7,7,5,5,1.66666666666667,2.58823529411765,6,4.75,4,4,4,7,6,4,7,7,7,7,7,7,7,7,7,4,7,7,5.84,4.625,6.33333333333333,4,2,1,5,5.5,0,0,5,6,5.5,5.8
R_3D8EmeCXJhw46Dk,1,6,7,7,8,7,6,7,7,7,6,7,7,6,5,5,7,6,6,7,7,6,3,4,4,3,3,4,4,3,4,2,2,3,4,3,3,3,3,4,4,3,3,4,4,3,4,4,3,3,3,4,2,3,6,5,6,6,7,6,5,6,7,6,6,5,6,7,6,5,6,6,7,5,5,6,7,6,6,5,6,6,7,6,7,4,5,4,4,5,4,4,5,1, ,4,4,5,4,4,5,3,4,2, ,42,2,4,ID,3,237,2,6.83333333333333,6.11111111111111,7,7,6.5,6.5,3.26666666666667,3.35294117647059,6,4.375,3,2,1,2,3,1,2,3,2,1,3,2,2,2,2,1,2,1,3.04,4.125,6.81818181818182,4,1,0,6,6.16666666666667,1,1,6.16666666666667,6,5.5,6.2
R_vIa9zD5mWcNyK77,1,5,5,7,5,7, ,5, , ,5,6,6,7,7,7,7,4,7,6,7,7,2,2,3,2,3,2,2,2,2,2,1,1,1,1,1,4,4,4,4,4,4,4,4,4,4,4,3,3,4,3,3,4,6,7,7,4,4,7,1,1,5,5,1,1,5,1,5,1,7,1,1,1,6,1,6,1,1,6,1,6,4,2,2,4,4,5,5,4,4,4,4,2, ,4,4,3,4,4,4,4,4,1, ,48,2,5,NY,1,343,2,5.66666666666667,6.55555555555556,5,6,7,5.5,1.8,3.76470588235294,5.83333333333333,4.25,7,7,3,7,7,7,3,7,7,7,7,7,7,7,7,4,6,6,6.16,3.875,5.66666666666667,1,2,1,7,6.33333333333333,0,1,6.5,6.66666666666667,7,7
R_3hFu9bWiMnK2J5Y,1,6,4,8,6,5,8,6,4,5,4,7,8,6,4,6,3,6,5,7,6,5,3,2,4,3,4,3,2,4,3,2,2,4,3,4,2,3,2,4,3,2,3,4,3,4,2,4,3,2,4,2,3,2,7,5,7,6,7,5,6,4,7,5,6,5,7,6,7,4,6,5,4,6,6,7,5,6,5,7,6,7,4,4,7,4,5,4,4,5,4,5,4,"1,2,3,4", ,4,4,5,4,4,5,4,5,1, ,28,2,5,CA,4,702,2,5.91666666666667,5.33333333333333,6,6,6.5,6,3,2.94117647058824,6.16666666666667,4.375,2,4,1,2,3,2,1,4,3,4,2,1,2,3,2,4,4,1,3.52,4.375,6.09090909090909,4,9,0,5,5.5,1,0,4.83333333333333,6.33333333333333,6,4.6
R_3gXUCIQbp9IS1TV,1,5,6,6,6,6,5,4, ,5,5,5,5,7,7,7,7,4,4,7,7,7,2,2,2,1,2,2,2,2,2,3,1,1,1,1,1,3,3,3,3,4,3,3,4,4,4,4,3,2,3,3,3,3,7, ,7,5,5,7,1,1,2,6,1,1,6,1,2,1,7,1,1,1,7,1,6,1,1,7,1,6,2,1,1,4,4,4,4,4,4,4,4,2, ,3,3,3,3,3,3,3,3,2, ,61,2,5,NC,1,940,2,5.27272727272727,6.33333333333333,5,5.5,5.5,5,1.66666666666667,3.23529411764706,6.2,4,7,7,6,7,7,7,6,7,7,7,7,7,7,7,7,6,7,7,6.72,3,5.27272727272727,3,2,1,6,6.5,0,1,6,7,7,6.4
R_2uKYuwcztluMGC4,1,7,7,8,8,8,5,7,5,8,8,8,4,7,7,7,7,4,7,6,7,7,3,4,3,3,2,4,4,3,3,3,3,2,3,4,3,3,2,4,3,3,3,2,3,2,3,3,2,3,2,3,3,2,7,6,6, ,5,6,6,5,6,6,6,6,6,7,6,7,3,6,7,6,3,4,5,4,4,4,6,5,4,5,3,4,4,5,4,4,5,4,4,4, ,4,3,4,4,4,3,4,4,1, ,27,2,5,RI,3,1022,2,6.91666666666667,6.55555555555556,7.33333333333333,7.75,6.5,6,3.13333333333333,2.70588235294118,6,4.25,2,3,2,2,2,1,2,1,2,1,2,4,4,4,2,4,3,5,3.12,3.75,7.09090909090909,1,4,1,7,6.33333333333333,1,0,6.5,6.66666666666667,7,7
R_VVISoeUuw5k4hQl,1,5,5,5,5,7,6,6,5,5,5,5,5,7,6,7,7,4,4,5,7,7,3,2,2,2,2,2,3,3,2,3,1,1,2,1,1,3,3,3,3,3,3,3,3,2,3,3,2,2,3,3,3,3,5,6,6,1,1,5,2,2,5,6,3,2,5,2,2,2,6,1,2,3,6,1,5,1,1,5,2,5,4,2,1,4,4,4,4,4,4,4,4,4, ,4,4,3,4,4,4,4,4,1, ,65,2,5,NV,1,951,2,5.33333333333333,6,5.33333333333333,5,6.5,5,2,2.82352941176471,4,4,6,6,3,5,6,6,6,6,7,6,5,7,7,7,6,4,6,7,5.76,3.875,5.36363636363636,4,4,1,5.66666666666667,6.16666666666667,0,0,5.83333333333333,6.33333333333333,7,6.2
R_1I4vYW2RV8Vsrfc,1,5,3,5,5, , ,5, ,5,5, ,5,7,7,7,4,4,7,7,6,6,2,2,1,2,2,2,1,2,1,1,1,1,1,1,1,2,2,2,2,2,2,3,3,3,2,2,1,4,3,1,3,2,5,4,6,2,1,4,2,1,1,5,1,1,3,3,1,1,7,1,3,1,5,1,4,1,1,6,2,5,6,1,1,5,4,5,5,5,5,3,4,1, ,3,4,2,2,2,2,2,4,1, ,39,2,5,NC,1,945,2,4.75,6.11111111111111,5,4.33333333333333, ,5,1.4,2.29411764705882,3.66666666666667,4.5,6,7,7,7,7,5,7,7,7,5,7,7,7,7,6,2,7,7,6,2.625,4.75,3,1,0,6.66666666666667,5.83333333333333,0,0,5.66666666666667,7,7,6
R_3CZ2u6SH8v7pM3q,1,6,6,5,7, , ,6, ,6,6,6,2,7,7,7,7,4,7,7,7,7,1,2,2,1,1,2,2,1,1,2,1,1,2,1,1,3,3,3,3,3,3,3,3,3,3,3,3,3,3,3,3,3,4,7,4,4,4,4,4,2,3,6,2,4,5,4,3,3,5,3,3,6,5,2,4,2,2,6,3,5,4,2,2,4,4,4,4,4,4,4,4,2, ,4,4,5,4,4,4,4,4,2, ,20,2,5,VA,1,1031,2,5.55555555555556,6.66666666666667,6.33333333333333,5.75, ,4,1.4,3,4.5,4,4,6,5,6,4,4,5,5,5,5,2,6,6,6,5,4,6,6,5.04,4.125,5.55555555555556,3,2,1,7,6.5,0,1,6.5,7,7,7
R_piqM9MNhIk9QGbL,1,6,6,6,5,6,5,6, ,5,5,6,5,7,7,7,4,4,6,7,7,7,3,3,2,3,2,3,4,3,2,3,2,3,3,2,3,3,3,3,3,3,3,4,3,3,3,3,2,3,3,3,3,3,6,7,6,5,3,5,6,5,5,5,5,5,3,6,5,5,3,5,5,5,2,3,1,5,5,3,5,2,5,3,5,4,4,4,4,4,4,3,4,"1,3", ,5,4,4,4,2,4,4,4,1, ,33,2,5,OR,1,1036,2,5.54545454545455,6.22222222222222,5.66666666666667,5.75,5.5,5,2.73333333333333,3,5.33333333333333,3.875,2,3,3,3,3,2,3,3,3,3,3,5,3,3,3,3,5,3,3,3.875,5.54545454545455,4,6,0,6.66666666666667,6,1,1,5.83333333333333,7,7,6.2
R_2dYCJqerP1ntz5n,1,7,7,8,8,7,8,7,8,7,8,7,8,7,6,6,7,6,6,7,6,7,3,4,3,4,3,4,3,4,3,4,3,4,3,4,3,3,4,3,4,3,4,3,4,3,4,3,4,3,4,3,4,3,6,7,6,7,6,7,6,7,6,7,6,6,6,7,6,7,6,7,6,7,6,7,6,7,6,7,6,6,7,6,6,4,5,4,5,5,4,5,4,"1,2", ,4,5,4,5,4,5,4,5,1, ,31,2,5,CA,3,453,2,7.5,6.44444444444444,7.33333333333333,7.25,7.5,8,3.46666666666667,3.47058823529412,6.5,4.5,2,1,2,2,2,1,2,1,1,2,1,1,1,2,2,1,2,2,2.88,4.5,7.45454545454545,4,5,0,6,6.66666666666667,1,1,6.33333333333333,6.66666666666667,6.5,6.4
R_1kNCviff9qMBf32,1,6, , ,8,7, ,3, ,5,6,6,5,7,7,7,7,1,7,6,4,5,3,3,3,2,2,2,1,2,1,3,3,1,2,2,1,4,4,4,4,4,4,4,4,4,4,4,2,4,3,3,3,4,7,7,7,2,4,4,5,5,1,7,6,6,2,4,1,6,7,4,5,7,5,2,4,1,1,5,5,1,7,1,1,4,4,5,5,4,4,4,4,"3,4", ,5,2,5,3,3,4,2,4,2, ,36,2,5,NC,1,1078,2,5.75,5.66666666666667,5.66666666666667,5.5,7,5.5,2.06666666666667,3.70588235294118,5.16666666666667,4.25,3,3,7,2,2,4,7,2,4,3,1,6,7,7,3,1,7,7,4.28,3.5,5.75,3,8,1,6,5.5,0,1,5.16666666666667,6.66666666666667,7,6
R_RUNgLBTMNTkqO7D,1,7,7,6,8, , ,5, ,3,5,6,5,7,6,7,7,7,6,6,6,7,2,2,2,2,2,3,3,2,3,3,2,1,2,1,2,3,2,3,3,3,3,3,4,3,4,3,2,3,3,2,3,3,2,5,4,1,1,1,5,3,5,3,5,4,1,4,3,3,7,2,5,6,4,3,4,6,5,4,5,2,4,1,6,2,2,3,2,3,4,3,4,5,unemployed but completing online tasks,3,4,4,3,4,4,2,5,2, ,51,2,5,TX,1,1011,2,5.77777777777778,6.55555555555556,6.66666666666667,5.5, ,5,2.13333333333333,2.94117647058824,2.33333333333333,2.875,3,5,3,3,4,4,5,5,6,3,2,5,2,3,3,4,7,2,3.76,3.625,5.77777777777778,3,2,1,6,6.83333333333333,0,0,6.5,6.66666666666667,7,6.4
R_W9yUutZsOILz9eh,1,7,8,8,8,8,8,8, ,8,8,8,8,7,7,7,7,7,7,7,7,7,2,2,1,1,1,2,1,1,1,1,2,1,2,1,1,3,3,4,3,4,4,3,3,4,4,4,4,3,3,4,4,4,6,5,6,4,5,6,2,1,6,6,1,1,6,1,1,6,6,1,1,1,6,1,7,1,1,6,1,6,3,1,1,5,5,4, ,5,4,5,4,"2,3", ,1,4,2,2,1,1,1,2,2, ,43,2,2,NC,1,1160,2,7.90909090909091,7,7.66666666666667,8,8,8,1.33333333333333,3.58823529411765,5.33333333333333,4.57142857142857,6,7,2,7,7,7,7,2,7,7,7,7,7,7,7,5,7,7,6.24,1.75,7.90909090909091,3,4,1,7,7,0,1,7,7,7,7
R_2XhC6huy9gwbAbd,1,6,7,8,6,6,7,8,6,8,7,6,7,6,5,6,6,7,5,6,5,7,2,3,4,3,2,3,2,1,3,4,3,2,4,2,3,2,3,2,4,3,4,2,3,4,2,3,4,2,3,2,4,1,5,7,5,6,4,7,6,5,7,6,5,4,6,7,6,4,5,5,6,3,7,4,6,4,5,6,4,7,6,6,7,4,5,4,5,4,5,4,5,"1,2,3,4", ,4,5,4,5,4,5,4,5,1, ,0,1,4,CA,4,615,2,6.83333333333333,5.88888888888889,6.66666666666667,7.25,6.5,7,2.73333333333333,2.82352941176471,5.66666666666667,4.5,2,3,1,3,4,1,2,4,3,2,5,4,4,3,4,2,2,1,3.72,4.5,6.90909090909091,4,9,0,5,6.33333333333333,1,0,5.83333333333333,6,6,5.6
R_3PbLQl99YiJ0ZLI,1,6,5,6,6,5,3,5,5,5,4,6,6,5,3,6,4,4,4,3,4,5,3,2,2,3,3,3,2,3,4,3,3,2,3,3,2,3,2,3,2,3,4,3,2,3,3,2,3,2,2,3,2,2,5,4,6,5,4,5,5,3,4,5,5,4,3,4,3,5,4,3,5,5,5,4,4,3,5,4,6,5,4,4,4,4,3,4,2,3,4,3,4,"1,2", ,4,2,3,3,4,2,3,3,2, ,43,2,5,KY,3,469,2,5.16666666666667,4.22222222222222,5.66666666666667,5.5,4,5,2.73333333333333,2.58823529411765,4.83333333333333,3.375,3,5,4,3,4,4,5,3,5,3,3,4,5,3,2,4,4,4,3.92,3,5.18181818181818,3,5,0,3.66666666666667,4.5,1,0,4,4.66666666666667,5.5,4
R_exiEyTJD987XZ4J,1,5,6,5,4,7, ,5, , ,6,5,5,7,7,7,7,4,5,7,4,7,2,3,2,2,3,3,1,2,1,2,2,1,1,1,1,3,3,3,3,3,4,4,4,4,4,3,3,3,3,2,4,3,5,6,4,2,1,4,1,1,1,6,1,1,6,1,1,1,7,1,1,1,6,1,6,1,1,7,1,6,4,1,1,5,5,5,5,5,5,5,5,1, ,4,3,1,2,1,2,2,2,1, ,25,2,5,MI,1,1213,2,5.33333333333333,6.11111111111111,4.66666666666667,5.33333333333333,7,5.5,1.8,3.29411764705882,3.66666666666667,5,7,7,7,7,7,7,7,7,7,7,7,7,7,7,7,4,7,7,6.68,2.125,5.33333333333333,2,1,0,5.33333333333333,6.5,0,1,5.66666666666667,7,7,6
R_3dVM6aFsExUSFgk,1,5,7,5,5,8,6,5,5,5,5,6,5,7,7,7,7,7,4,6,7,7,3,4,3,1,2,2,2,2,1,1,1,1,3,2,1,3,3,3,2,4,1,4,3,4,4,4,2,3,4,1,3,2,7,6,7,6,5,7,1,1,1,6,1,1,6,1,6,1,6,1,2,1,7,1,4,1,1,7,1,6,5,1,3,4,4,5,4,4,5,4,5,2, ,4,4,3,4,4,5,5,4,1, ,28,2,5,CO,1,1199,2,5.58333333333333,6.55555555555556,5,5.75,7,5,1.93333333333333,2.94117647058824,6.33333333333333,4.375,7,7,7,7,7,7,2,7,7,6,7,7,7,7,7,3,7,5,6.24,4.125,5.63636363636364,4,2,1,6,6.83333333333333,0,0,6.5,6.66666666666667,7,6.4
R_3QSP2xW36tvN4PT,1,7,6,7,7,7,6,7,7,7,6,7,7,6,7,6,6,6,6,5,6,6,3,2,3,3,3,3,2,3,3,3,3,2,3,3,3,3,3,3,2,3,3,3,2,3,3,3,2,3,2,3,3,3,6,5,5,6,5,5,6,5,7,7,6,5,5,6,5,7,6,6,6,5,5,6,6,6,6,6,5,5,6,5,6,4,4,3,4,3,4,3,4,"1,2,3", ,4,5,4,4,4,3,4,4,2, ,26,2,5,CA,1,449,2,6.75,6,7,6.75,6.5,6.5,2.8,2.76470588235294,5.33333333333333,3.625,2,3,1,2,3,2,3,1,2,2,3,2,2,2,3,2,3,2,3.2,4,6.72727272727273,4,9,0,6.33333333333333,5.83333333333333,1,0,6.16666666666667,5.66666666666667,6,6.2
R_r8rK9A8m7vJkBQR,1, ,5,5, ,7,7,5, , , ,4,3,7,7,7,7,7,5,7,7,6,2,2,2,1,2,2,2,1,1,2,2,1,1,1,1,4,3,4,3,4,3,4,4,3,2,3,2,3,3,1,2,3,7,7,7,4,4,7,1,1,1,5,1,1,4,1,1,3,7,1,2,3,6,1,5,1,1,5,1,4,5,1,1,5,5,5,5,5,5,4,4,2, ,4,4,4,3,3,3,3,4,1, ,58,2,5,FL,1,1234,2,5.14285714285714,6.66666666666667,5,4.66666666666667,7,3,1.53333333333333,3,6,4.75,7,7,7,7,7,7,7,5,7,6,5,7,7,7,7,3,7,7,6.12,3.5,5.14285714285714,3,2,1,6.33333333333333,6.83333333333333,0,1,6.5,7,7,6.4
R_3pbrtC1D15PkSlB,1,8,6,6,7, , ,6, ,6,7,7,6,7,7,7,4,4,6,6,5,5,3,3,2,2,3,3,2,3,2,2,2,2,1,2,1,4,4,3,4,3,4,3,3,4,4,3,3,3,4,2,3,3,6,7,7,5,4,6,5,3,7,6,2,5,4,5,3,3,5,1,1,2,5,1,4,1,3,6,4,3,6,3,5,5,4,5,4,5,5,5,4,"1,2", ,4,5,5,4,5,4,5,5,1, ,59,2,5,IL,1,730,2,6.55555555555556,5.66666666666667,7,6.25, ,6.5,2.2,3.35294117647059,5.83333333333333,4.625,3,5,1,6,3,3,5,5,7,7,6,7,7,5,4,2,5,3,4.68,4.625,6.55555555555556,2,5,0,6,5.5,0,1,5.16666666666667,6.66666666666667,7,5.4
R_2TpCFyrMpcRSGMb,1,6,7,7,8,3,8,6,8,6,8,6,5,4,5,4,4,7,4,7,4,4,2,2,2,4,4,4,2,4,3,1,4,2,4,3,4,1,3,2,2,3,4,2,4,3,4,2,3,3,2,4,2,3,6,6,7,5,7,4,6,5,4,7,5,4,4,6,7,5,7,5,5,4,3,5,7,4,4,5,7,5,7,5,4,4,5,3,4,4,4,4,4,2, ,4,3,4,3,4,5,4,3,1, ,35,1,4,AR,3,401,2,6.5,4.77777777777778,6.66666666666667,6.5,5.5,6.5,3,2.76470588235294,5.83333333333333,4,2,3,4,3,4,2,1,3,3,3,4,3,4,4,1,1,3,4,3.6,3.75,6.36363636363636,3,2,1,4.33333333333333,5,1,0,4.66666666666667,5,4,4.2
R_2XhN80xYT2SYyW6,1, ,7,4,4,5,4,5, ,6,7,7,8,7,5,5,3,4,7,2,5,5,1,3,1,1,1,4,2,1,3,4,2,2,2,1,1,4,4,1,3,3,1,2,2,3,3,1,3,1,3,1,1,2,4,7,6,6,4,6,5,3,3,7,7,1,6,5,7,1,2,1,7,6,1,6,5,3,7,2,4,2,7,7,7,4,4,3,1,1,4,4,5,"2,3", ,3,2,2,5,1,4,5,5,1, ,35,2,5,OR,1,942,2,5.7,4.77777777777778,4.5,6,4.5,7.5,1.93333333333333,2.23529411764706,5.5,3.25,3,5,5,1,7,3,1,7,7,1,2,2,5,1,4,1,1,1,3.28,3.375,5.7,4,7,0,5.66666666666667,4.33333333333333,0,0,4.83333333333333,4.66666666666667,6,5
R_wQUIlJIwZ39ReyR,1,8,8,8,8,8,8,2,2,5,7,7,7,7,7,7,7,6,7,7,7,7,2,3,4,3,4,3,4,2,3,2,4,4,4,4,3,4,4,4,3,4,4,4,4,4,3,4,3,4,4,2,3,4,7,7,7,5,6,7,3,2,5,7,3,2,6,2,5,3,7,2,1,4,6,2,7,2,3,2,2,6,2,3,3,4,4,4,5,5,5,4,4,2, ,5,4,4,5,2,4,4,5,1, ,37,2,4,FL,1,693,2,6.5,6.88888888888889,6,7,8,7,3.26666666666667,3.64705882352941,6.5,4.375,5,6,3,5,6,6,3,5,6,7,4,6,6,5,6,6,5,5,5.44,4.125,6.90909090909091,3,2,1,7,6.83333333333333,1,1,6.83333333333333,7,7,7
R_3FRnvODnrTBNa00,1,6,7,8,6,6,7,8,7, ,3,4,7,5,6,7,5,6,5,6,7,6,4,4,4,4,4,4,3,2,3,4,3,2,4,4,4,3,4,3,4,4,4,4,3,2,3,4,3,4,3,4,3,4,6,7,6,7,6,7,7,6,5,6,7,7,6,7,7,6,7,6,7,6,7,6,7,6,7,6,7,6,7,5,6,5,4,5,4,5,4,5,4,"1,2,3", ,4,5,4,5,4,5,4,5,2, ,45,1,4,NY,5,328,2,6.27272727272727,5.88888888888889,6.66666666666667,6.33333333333333,6.5,5,3.53333333333333,3.47058823529412,6.5,4.5,1,2,3,1,1,1,1,2,2,1,2,2,2,1,1,1,3,2,2.96,4.5,6.2,1,9,0,6,5.83333333333333,1,1,5.83333333333333,6,6,5.8
R_bejdXzVgMoAQVkl,1,7,6,7,7, , ,2, ,7,5,7,5,7,6,7,7,6,7,7,4,7,3,4,3,4,4,3,3,3,3,4,2,1,4,3,3,3,2,4,4,3,3,4,4,2,4,3,2,4,2,1,2,3,5,6, ,1,1,4,3,3,6,5,5,4,3,3,6,6,3,7,2,1,5,1,1,5,3,4,4,1,5,1,6,2,2,2,2,2,3,1,1,1, ,4,2,5,4,2,4,2,4,2, ,41,2,5,NJ,1,697,2,5.88888888888889,6.44444444444444,5.33333333333333,6.75, ,5,3.13333333333333,2.94117647058824,3.4,1.875,5,5,2,3,4,5,2,2,1,6,7,7,3,5,4,3,7,2,3.8,3.375,5.88888888888889,1,1,0,5.66666666666667,6.83333333333333,1,0,6.16666666666667,7,7,6.2
R_PAPwM5ituakLQ0p,1,3,6,5,6,5,3,6,5,4,5,4,5,3,5,3,4,5,5,3,4,5,2,3,2,3,2,2,3,2,3,4,3,2,3,2,3,3,2,3,2,3,2,3,2,3,2,3,2,3,2,3,2,4,3,4,5,6,4,5,3,5,4,3,5,4,3,4,3,5,3,5,4,3,4,3,5,4,6,3,5,4,3,3,4,3,2,3,4,3,4,3,4,2, ,3,2,3,2,3,2,3,4,1, ,28,1,6,CA,5,316,2,4.75,4.11111111111111,5,4.75,4,5,2.6,2.58823529411765,4.5,3.25,5,3,4,3,4,4,5,3,3,4,5,5,4,2,3,5,5,4,3.84,2.75,4.72727272727273,4,2,1,4.66666666666667,3.83333333333333,1,0,4.66666666666667,3,3,4.6
R_2y12WZQsfsbW8va,1,6,4,6,7,7,5,6,3,6,4,5,7,4,3,5,6,4,4,3,4,5,2,1,2,3,2,2,1,2,3,3,4,3,2,1,2,1,3,4,3,2,3,1,2,3,2,1,2,3,2,1,2,2,5,6,5,4,5,6,4,6,5,4,3,5,6,6,4,3,5,6,3,5,5,6,5,3,5,4,6,5,3,5,6,4,3,4,5,4,5,3,4,"1,2,3", ,3,2,1,4,5,4,3,4,1, ,35,2,5, ,4,409,2,5.5,4.22222222222222,6.33333333333333,5.25,6,5.5,2.2,2.17647058823529,5.16666666666667,4,4,2,3,5,3,2,4,5,2,5,3,2,5,3,2,5,3,2,3.76,3.25,5.72727272727273, ,9,0,3.66666666666667,4.5,0,0,4.33333333333333,4,4.5,4.4
R_2Sw96endqntBSwp,1,6,8,7,6,7,8,7,5,6,7,7,6,7,6,5,7,6,7,7,6,6,2,1,3,3,1,4,2,1,3,2,3,1,3,3,4,2,3,2,1,2,3,3,2,4,3,2,3,1,2,1,2,2,6,5,5,6,5,6,3,5,4,4,3,4,4,5,3,5,4,3,4,5,3,5,4,3,4,3,4,4,3,3,4,3,4,5,3,4,3,3,3,"2,3", ,4,5,4,3,3,4,3,4,1, ,37,1,5,PA,1,848,2,6.66666666666667,6.33333333333333,6.33333333333333,7,7.5,6.5,2.4,2.23529411764706,5.5,3.5,5,3,4,5,4,3,5,3,5,4,3,3,5,4,4,5,5,4,4,3.75,6.81818181818182,1,7,0,6.33333333333333,6.33333333333333,0,0,6.33333333333333,6.33333333333333,6,6.4
R_3iRzV8hewwS9nH6,1,7,6,7,8,7,6,7,8,7,6,7,5,6,5,6,7,6,6,5,7,6,3,2,3,4,4,3,2,4,3,4,3,4,3,4,2,2,4,3,3,4,2,3,4,2,4,3,3,4,2,4,3,4,6,5,7,6,7,6,6,7,5,7,6,6,7,5,7,6,7,5,7,6,6,7,5,7,6,7,5,7,6,6,5,4,5,3,4,5,4,4,5,"2,3", ,4,3,5,4,4,5,4,3,1, ,31,1,4,MA,1,497,2,6.75,6,7.33333333333333,6.75,6.5,5.5,3.2,3.17647058823529,6.16666666666667,4.25,2,1,3,2,2,3,1,2,3,1,2,1,1,2,3,2,2,3,3.28,4,6.63636363636364,1,7,0,6,6,1,1,6.16666666666667,5.66666666666667,6,6.2
R_3oX6YUoTcXTNTrA,1,5,6,5,8,4,5,5, , ,2,6,5,7,4,7,7,7,4,7,4,5,1,1,1,1,1,1,1,1,1,1,1,1,1,1,1,4,4,3,4,4,4,3,4,4,4,4,1,4,4,1,4,4,6,7,7,3,1,7,1,1,1,7,1,1,6,1,1,1,7,1,1,1,7,1,7,1,1,7,1,6,4,1,1,5,5,5,5,5,5,5,5,2, ,1,1,1,1,1,1,1,3,2, ,37,2,4,WA,1,1366,2,5.1,5.77777777777778,6,5.66666666666667,4.5,3.5,1,3.52941176470588,5.16666666666667,5,7,7,7,7,7,7,7,7,7,7,7,7,7,7,7,4,7,7,6.8,1.25,5.1,4,2,1,4,6.66666666666667,0,1,5.16666666666667,7,7,4.8
R_1o0g5b3Mu9vjsbr,1,4,7,8,5,2,3,6,3, ,6,5,4,2,2,2,4,3,4,5,2,5,2,4,4,3,3,2,3,1,1,1,4,4,4,2,2,1,1,2,3,1,2,1,4,3,4,1,3,4,4,1,4,2,2,4,4,3,6,3,7,1,1,2,5,7,4,6,4,6,2,3,6,7,3,5,2,6,3,7,7,4,1,2,4,3,3,2,4,3,1,1,1,"1,2", ,3,1,3,3,5,3,4,1,1, ,31,2,5,AZ,1,542,2,4.81818181818182,3.22222222222222,5,6.66666666666667,2.5,5,2.66666666666667,2.41176470588235,3.66666666666667,2.25,1,7,7,3,1,2,4,2,5,2,1,3,2,5,1,7,6,4,3.48,2.875,5,4,5,0,2.66666666666667,3.5,1,0,3.33333333333333,3,2,3.4
R_2WIkIAdEpJqc59C,1,6,5,8,7,7,6,8,5,6,4,7,8,5,6,4,7,5,5,7,4,6,3,4,2,3,2,4,3,4,2,3,2,4,3,4,2,3,4,2,4,3,4,2,3,2,4,3,4,4,3,4,2,3,7,5,6,5,7,5,6,5,7,4,6,5,7,7,5,6,4,7,6,7,6,3,5,4,6,5,7,6,7,4,6,4,5,3,4,3,5,4,5,"1,2", ,4,5,3,4,3,5,4,5,2, ,28,2,5,OR,5,920,2,6.41666666666667,5.44444444444444,7,6.5,6.5,6,3,3.17647058823529,5.83333333333333,4.125,2,3,1,2,3,1,3,2,1,2,1,5,4,2,1,1,4,2,3.08,4.125,6.54545454545455,4,5,0,5,5.66666666666667,1,1,5.5,5.33333333333333,4.5,5.6
R_Yc87CDnBo8f8DM5,1,8,8,5,5,5,8,8,8,8,8,8,8,7,7,7,7,7,7,7,7,7,3,3,2,2,2,1,1,2,2,1,1,2,2,2,2,3,3,3,4,4,4,4,4,4,3,3,4,4,4,4,4,4,7,7,7,7,7,7,2,3,2,2,2,2,2,2,7,5,6,1,2,2,2,3,2,2,1,2,3,2,2,2,1,4,5,4,5,5,5,5,5,"1,2,4", ,4,4,4,4,4,5,4,4,1, ,30,2,5,MD,1,648,2,7.25,7,7,7.25,6.5,8,1.86666666666667,3.70588235294118,7,4.75,6,5,6,6,6,6,1,3,7,6,6,5,6,7,5,6,6,7,4.72,4.125,7.18181818181818,3,5,0,7,7,0,1,7,7,7,7
R_3MlD4bKZdSqnmGu,1,4,4,5,6,5,5,4,6,4,4,6,6,4,4,3,4,5,5,4,4,3,2,2,2,3,3,2,2,2,2,2,3,3,2,2,2,3,2,2,2,3,3,3,3,3,2,2,2,2,2,3,3,3,5,6,5,6,5,6,4,4,3,5,5,5,6,5,4,5,5,5,4,4,4,4,4,3,3,4,5,5,4,3,4,3,3,4,4,5,4,4,5,"1,2", ,3,3,4,4,4,4,3,3,1, ,25,1,5,WA,1,257,2,4.91666666666667,4,4.66666666666667,4.75,5,5,2.26666666666667,2.52941176470588,5.5,4,4,4,5,3,3,3,4,3,3,4,4,4,5,5,3,4,5,4,4.12,3.5,4.81818181818182,4,5,0,4.33333333333333,3.83333333333333,0,0,4.16666666666667,3.66666666666667,3.5,4
R_2CCbKiFFb7NnOE7,1,5,5,5,5,6,6,5, ,5,5,6,5,7,7,7,7,7,7,7,7,7,2,2,2,2,2,2,2,2,2,2,2,2,1,2,2,2,3,3,3,3,3,3,2,3,3,3,2,2,3,2,2,2,7,7,7,6,4,7,5,3,5,6,2,2,4,2,4,2,5,2,2,3,5,2,4,2,2,5,2,5,5,2,2,4,4,4,4,4,4,4,4,"1,3", ,4,3,2,3,2,3,3,3,2, ,25,1,5,FL,1,1059,2,5.27272727272727,7,5,5.25,6,5,1.93333333333333,2.58823529411765,6.33333333333333,4,3,5,3,6,6,6,4,6,6,6,5,6,6,6,6,3,6,6,5.16,2.875,5.27272727272727,3,6,0,7,7,0,0,7,7,7,7
R_3GiSUBBd6B9FLzU,1,6,7,5,7,7,6,6, ,5,6,7,6,6,7,7,6,5,6,7,4,6,2,2,1,1,2,2,2,1,1,2,2,1,1,1,1,4,3,3,4,3,4,4,4,3,3,4,2,2,4,4,3,3,6,7,7,6,1,6,2,2,5,6,1,2,5,1,2,1,7,1,2,2,5,1,6,1,2,6,1,6,5,1,1,5,4,4,5,4,5,5,4,2, ,4,4,1,3,3,3,4,4,1, ,28,1,7,CA,1,590,2,6.18181818181818,6,6.33333333333333,6,6.5,6,1.46666666666667,3.35294117647059,5.5,4.5,6,6,3,7,6,7,6,7,7,6,6,7,7,6,7,3,7,7,6.08,3.25,6.18181818181818,4,2,1,5.66666666666667,6.16666666666667,0,1,5.66666666666667,6.66666666666667,6.5,5.8
R_3EEGkJ0q28itDRd,1,5,7,6,6,7,7,5, ,6,7,7,6,6,7,6,6,4,7,4,5,5,3,1,1,1,1,2,1,1,1,2,1,1,2,1,1,3,2,1,4,3,3,3,2,1,3,3,2,2,1,2,2,2,6,4,6,4,5,6,1,2,6,6,4,1,5,1,2,1,6,1,1,2,7,1,6,4,2,6,1,6,5,1,1,4,4,5,5,4,4,4,5,2, ,4,5,3,4,3,4,4,4,1, ,30,2,5,CA,1,1345,2,6.27272727272727,5.55555555555556,5.33333333333333,6.5,7,6.5,1.33333333333333,2.29411764705882,5.16666666666667,4.375,7,6,2,4,7,7,6,7,7,7,6,7,4,6,7,3,7,7,5.96,3.875,6.27272727272727,4,2,1,6.33333333333333,5.16666666666667,0,0,5.66666666666667,5.33333333333333,6,6
R_1i8232yoz9dTFLe,1,6,5,5,6,5,5,6, ,5,5,5,6,7,6,7,7,4,5,5,4,5,3,4,3,2,3,3,2,3,2,3,2,2,2,1,3,2,1,1,1,2,1,2,2,2,3,2,2,3,2,2,2,2,7,6,6,5,3,7,5,5,3,4,6,5,2,6,5,5,4,5,6,6,3,4,3,5,6,2,6,1,4,5,4,4,4,5,4,4,4,5,4,2, ,4,5,3,4,4,4,3,5,2, ,27,2,5,WI,1,899,2,5.36363636363636,5.55555555555556,6,5,5,5.5,2.53333333333333,1.88235294117647,5.66666666666667,4.25,3,3,5,2,3,2,3,3,3,2,2,4,3,2,2,4,3,4,2.88,4,5.36363636363636,2,2,1,5,5.83333333333333,1,0,5.16666666666667,6.33333333333333,7,5.4
R_12yudJG0p3jMeDm,1,7,6,7,4,6,7,6,6,7,6,5,4,6,5,7,7,5,6,7,7,5,4,4,3,4,3,2,2,4,4,3,2,3,3,2,3,4,3,4,2,3,2,3,1,2,4,2,2,4,2,3,3,4,6,5,4,6,5,6,5,3,5,3,7,3,2,5,5,6,5,4,3,5,6,5,4,6,5,4,6,6,4,4,6,4,3,4,5,5,4,4,2,"3,4", ,5,5,4,4,5,5,4,2,1, ,49,2,5,CA,2,1153,2,5.91666666666667,6.11111111111111,5.66666666666667,6.25,6.5,5,3.06666666666667,2.82352941176471,5.33333333333333,3.875,3,5,3,1,5,3,3,2,4,5,3,3,2,3,2,4,4,2,3.48,4.25,5.90909090909091,4,8,1,6,6.16666666666667,1,0,5.83333333333333,6.66666666666667,6.5,6
R_Pzn3iVQKI7FM7Wp,1,8,8,5,7,8,8,2, ,8,2,8,5,7,7,7,7,7,6,6,6,7,3,3,4,3,3,4,3,3,3,3,2,2,2,3,1,4,3,4,3,4,3,3,3,3,4,3,3,4,3,2,4,3,4,7,5,3,1,3,5,3,6,4,2,2,4,3,2,6,6,1,1,2,6,1,4,1,1,6,1,4,6,1,4,3,4,4,4,3,4,4,4,"2,3", ,4,4,4,4,4,4,4,4,2, ,45,2,4,FL,1,1205,2,6.27272727272727,6.66666666666667,5.66666666666667,7.25,8,3.5,2.8,3.29411764705882,3.83333333333333,3.75,3,5,2,6,6,5,6,2,7,7,6,7,7,7,7,2,7,4,5.2,4,6.27272727272727,3,7,0,6.33333333333333,6.83333333333333,1,1,6.66666666666667,6.66666666666667,7,6.6
R_2U3FYyMEvAQPnIG,1,7,5,5,6,6,5,6, ,6,6,5,5,6,6,6,7,4,5,6,4,4,3,3,3,3,3,3,3,3,3,3,3,3,3,3,3,3,2,3,3,3,2,3,3,3,4,3,2,4,3,3,3,3,6,4,5,5,2,6,5,5,6,3,5,5,3,5,5,4,3,4,5,5,3,3,3,4,5,3,5,3,5,3,3,3,4,4,3,4,3,4,4,4, ,4,4,4,4,4,4,4,4,2, ,24,2,4,TX,1,401,2,5.63636363636364,5.33333333333333,6.33333333333333,5.25,5.5,5.5,3,2.94117647058824,4.66666666666667,3.625,3,3,2,3,3,3,3,4,4,3,3,5,4,3,3,3,5,5,3.32,4,5.63636363636364,3,4,1,5,5.5,1,0,5,6,6,5.2
R_bNkg2QRW55vVN7P,1,6,7,7,6,7,6,7,2,7,6,8,7,7,7,7,5,6,6,6,7,6,3,2,2,1,2,2,3,1,1,2,3,2,2,1,2,3,4,3,4,4,4,4,4,4,4,4,3,4,4,2,4,3,4,5,5,4,4,5,3,1,2,6,2,3,5,3,2,1,7,1,1,3,7,1,6,1,1,6,2,6,7,1,1,4,5,5,4,4,5,5,4,2, ,4,5,4,5,4,5,4,4,1, ,30,2,5,SC,1,1629,2,6.33333333333333,6.33333333333333,6.33333333333333,7.25,6.5,6.5,1.93333333333333,3.64705882352941,4.5,4.5,5,7,6,6,5,5,6,7,7,7,5,7,7,7,6,1,7,7,6.04,4.375,6.72727272727273,3,2,1,6.66666666666667,6.16666666666667,0,1,6.16666666666667,6.66666666666667,7,6.2
R_27BwbAWuwjjJ1GQ,1,7,5,8,6,6,8,5,7,8,6,7,4,6,4,7,5,6,6,4,7,5,3,2,4,3,4,3,2,4,3,4,3,4,2,4,3,3,4,2,4,3,4,1,4,3,4,2,4,3,4,2,4,3,6,7,4,7,6,7,6,5,7,4,6,3,5,7,5,6,4,6,3,6,5,4,6,3,7,4,6,5,4,7,6,4,5,3,5,4,5,3,4,"1,2", ,4,5,3,4,3,5,2,4,1, ,30,2,5,TN,5,551,2,6.41666666666667,5.55555555555556,6,7,7,5,3.2,3.17647058823529,6.16666666666667,4.125,2,3,1,2,5,1,3,2,2,5,2,4,5,1,2,4,1,2,3.2,3.75,6.36363636363636,3,5,0,5.66666666666667,5.5,1,1,5.5,5.66666666666667,6.5,5.4
R_1msYKNRWEHyJZ0c,1,7,7,6,6,7,7,6,6,7,7,6,6,6,6,5,5,4,6,6,5,5,3,3,2,2,3,3,3,2,2,3,3,2,2,3,4,3,3,2,2,3,3,3,3,2,3,3,3,4,4,3,3,2,6,5,5,4,4,5,6,6,5,5,4,4,5,6,6,5,4,4,5,6,6,6,5,4,3,4,5,6,5,2,4,3,4,4,3,4,4,3,3,1, ,4,4,3,3,4,4,4,3,1, ,39,1,5,IL,1,245,2,6.5,5.33333333333333,6.33333333333333,6.5,7,6.5,2.66666666666667,2.88235294117647,4.83333333333333,3.5,2,2,3,4,4,2,2,3,4,3,2,2,4,5,3,3,6,4,3.72,3.625,6.54545454545455,2,1,0,5.66666666666667,5.16666666666667,1,0,5.16666666666667,5.66666666666667,5.5,5.4
R_aidnJqMlYQKVTmF,1,6,6,5,6,5,5,6, , ,6,6,5,6,6,7,5,4,4,7,6,5,3,2,2,2,2,2,2,1,1,2,2,1,1,1,2,2,2,2,3,4,4,2,3,3,3,3,2,3,4,3,3,3,6,7,6,5,6,6,3,3,2,6,1,3,6,2,5,2,6,1,2,2,7,1,6,1,1,7,1,7,2,5,2,5,5,5,5,5,4,4,5,"2,4", ,5,4,4,5,4,4,5,5,1, ,20,2,3,GA,1,499,2,5.6,5.55555555555556,6,5.66666666666667,5,5.5,1.73333333333333,2.88235294117647,6,4.75,5,5,6,7,5,6,3,6,7,6,6,7,7,7,7,6,3,6,6,4.5,5.6,3,2,1,5.33333333333333,5.66666666666667,0,0,5,6.66666666666667,6.5,5.2
R_6m9a4ie9O8mRw53,1,8,8,8,8,8,5,5,5,8,5,5,7,7,7,7,7,7,7,7,7,7,4,1,4,2,4,1,4,3,1,4,2,4,1,3,2,1,4,4,1,1,4,1,4,1,1,4,4,4,4,1,3,1,7,7,4,1,1,7,7,4,4,7,1,7,7,7,3,7,5,7,1,5,7,3,7,2,7,5,7,7,1,7,4,5,3,5,4,4,1,2,5,"1,2", ,5,3,5,5,4,5,5,5,1, ,32,1,4,NV,1,1824,2,6.66666666666667,7,7,7.25,6.5,6,2.66666666666667,2.52941176470588,4.5,3.625,1,4,4,7,1,1,5,1,1,7,3,5,6,1,1,7,1,4,4.2,4.625,6.81818181818182,4,5,0,7,7,1,0,7,7,7,7
R_2QPsKuTX4ElIW3t,1,4,5,4,4,5,5,4,4,4,5,4,5,3,3,4,3,4,3,4,4,4,2,2,3,3,2,3,3,2,2,3,3,2,3,2,2,2,3,2,3,2,2,3,3,2,3,2,3,2,3,2,2,3,4,5,5,4,5,5,4,5,4,5,5,4,5,5,5,5,4,4,4,4,4,5,4,4,5,5,4,4,5,4,5,4,3,3,4,3,4,3,4,"1,2,4", ,4,3,4,4,3,4,4,3,1, ,47,2,5,IL,1,628,2,4.41666666666667,3.55555555555556,4,4.25,5,5,2.46666666666667,2.47058823529412,4.66666666666667,3.5,4,3,4,3,4,3,3,3,4,4,4,3,4,3,4,3,4,3,3.76,3.625,4.45454545454545,2,5,0,3.33333333333333,3.66666666666667,1,0,3.5,3.66666666666667,3.5,3.4
R_3Mb3j5TynWpLs6m,1,5,5,6,6,5,6,6,6,5,5,6,5,6,5,5,5,5,5,5,5,5,2,2,2,2,2,2,2,2,2,2,2,2,2,2,2,2,2,2,2,2,2,2,2,2,2,2,2,2,2,2,2,2,4,5,5,4,4,6,4,3,4,5,4,4,4,4,4,4,4,4,4,4,4,4,4,4,4,5,4,4,4,4,4,4,4,4,4,4,4,4,3,2, ,4,4,4,4,4,4,4,4,2, ,52,2,5,CO,1,284,2,5.5,5.11111111111111,5.66666666666667,5.5,5.5,5,2,2,4.66666666666667,3.875,4,5,4,4,4,4,4,4,4,4,4,4,4,4,4,4,4,4,4.12,4,5.45454545454545,4,2,1,5,5.16666666666667,0,0,5,5.33333333333333,5.5,5
R_3KUY1XDh0vlN8HA,1,7,8,6,7,7,8,6,7,7,8,6,7,6,7,5,6,7,6,7,5,7,3,4,3,4,3,4,3,4,3,4,4,3,4,3,4,3,4,3,4,3,4,3,4,3,4,3,4,3,3,4,3,4,6,7,5,6,7,6,7,5,6,7,6,7,6,6,7,5,6,7,6,7,6,7,5,6,7,6,7,6,7,6,6,5,4,5,4,5,4,5,4,"1,2,3", ,4,5,4,5,4,5,4,5,1, ,47,1,5,TX,4,835,2,7,6.22222222222222,6.66666666666667,6.75,7.5,7.5,3.53333333333333,3.47058823529412,6.16666666666667,4.5,1,3,2,2,1,2,1,3,1,2,1,1,2,1,1,1,2,2,2.84,4.5,7,3,9,0,6,6.33333333333333,1,1,6.33333333333333,6,5.5,6.2
R_2YnrlTEBLOHo0hN,1,5,5,5,5,7,7,5, , ,5,5,5,6,7,6,6,6,5,7,7,7,3,3,3,3,2,2,2,2,1,2,1,1,1,1,1,4,4,3,3,4,3,3,4,3,4,3,2,3,4,3,3,3,5,5,4,3,4,5,2,2,5,6,1,2,5,5,1,1,6,1,2,1,6,1,4,2,2,5,4,6,4,1,2,4,4,4,4,4,5,3,4,"2,4", ,5,4,4,2,5,3,5,4,2, ,35,2,4,TN,1,1220,2,5.4,6.33333333333333,5,5,7,5,1.86666666666667,3.29411764705882,4.33333333333333,4,6,6,3,7,6,3,7,7,7,6,7,7,6,6,4,4,7,6,5.72,4,5.4,3,2,1,6.33333333333333,6.33333333333333,0,1,6.33333333333333,6.33333333333333,6,6.4
R_cI7y1Hu044ckTZL,1,8,8,8,8,8,8,8,7,8,8,8,8,7,7,7,7,7,7,7,7,7,3,3,3,3,2,4,3,3,3,3,3,4,4,4,4,4,4,4,4,4,4,4,4,4,4,4,4,4,4,3,3,4,7,7,7,7,7,7,7,7,7,6,6,6,7,6,6,7,6,5,6,6,6,6,6,7,7,7,5,7,7,5,5,5,5,5,5,5,5,5,5,4, ,5,5,5,4,4,4,5,5,1, ,40,2,5,NY,5,1395,2,7.91666666666667,7,8,8,8,8,3.26666666666667,3.88235294117647,7,5,1,1,1,2,2,2,2,1,3,2,2,2,1,1,3,1,3,3,3.12,4.625,8,1,4,1,7,7,1,1,7,7,7,7
R_tF0Oj5k3Xy0a2YN,1,6,7,7,5,7,7,7,7,5,4,7,5,7,7,7,7,7,7,7,7,7,3,4,3,2,2,2,2,3,3,2,2,1,3,3,2,4,4,4,4,4,4,4,4,4,3,4,2,3,3,2,3,4,7,6,7,4,5,7,6,4,6,3,2,6,2,6,1,1,3,2,5,5,3,2,2,4,4,3,6,1,6,1,6,3,4,4,4,4,3,3,4,2, ,4,3,4,2,3,4,4,4,2, ,59,2,2,AZ,1,662,2,6.16666666666667,7,6,6.5,7,4.5,2.46666666666667,3.52941176470588,6,3.625,2,4,2,6,2,2,7,7,6,3,3,6,4,4,2,2,7,2,3.52,3.5,6.09090909090909,4,2,1,7,7,1,1,7,7,7,7
R_1poIkSGpo9eIovP,1,7,8,7,6,8,7,8,7,6,7,8,8,5,6,7,6,7,7,6,7,6,3,4,3,3,4,4,4,3,4,4,3,3,2,3,4,3,4,4,3,4,3,4,3,3,4,3,3,4,4,3,4,4,7,6, ,6,6,7,6,5,4,5,6,7,7,7,6,7,7,6,6,6,6,7,7,6,7,6,6,6,4,6,7,4,5,4,4,4,4,5,4,"1,2", ,5,4,5,5,4,4,5,4,1, ,44,1,4,IA,3,476,2,7.25,6.33333333333333,7,7.25,7.5,7.5,3.4,3.52941176470588,6.4,4.25,2,3,4,2,1,1,2,1,2,2,2,1,2,1,2,4,2,1,3.16,4.5,7.27272727272727,2,5,0,6.66666666666667,6.16666666666667,1,1,6.5,6,6,6.4
R_27vY3RFgFFVa46W,1,6,8,7,8,7,6,8,7,7,8,8,7,6,7,6,7,5,7,7,6,5,3,2,1,2,1,3,2,1,2,3,1,2,3,2,2,3,4,3,2,2,4,2,4,3,4,2,3,4,3,4,2,4,6,5,7,6,5,7,6,5,6,7,5,4,6,5,6,6,7,4,6,5,6,5,6,7,3,6,4,6,7,6,3,4,5,3,4,5,5,4,5,"2,3,4", ,4,5,4,3,4,3,5,5,1, ,33,1,4,KS,1,1297,2,7.25,6.22222222222222,7.33333333333333,7.5,6.5,7.5,2,3.11764705882353,6,4.375,2,3,2,3,4,3,2,2,4,2,3,3,1,5,4,1,2,5,3.8,4.125,7.27272727272727,2,7,0,6.66666666666667,6,0,1,6.16666666666667,6.33333333333333,6,6.4
R_1hRwZ2cLo14D7Oz,1,8,6,5,7,7,5,6,8,8,6,8,5,5,7,5,6,7,5,6,7,6,4,3,4,3,4,3,4,3,4,3,4,3,4,3,4,4,3,4,3,4,3,4,3,4,2,3,4,3,4,3,4,3,7,6,7,6,5,7,7,6,7,6,6,7,6,6,7,6,7,6,7,6,7,5,6,7,6,7,6,7,6,7,6,4,5,4,5,5,4,4,5,1, ,4,5,4,5,4,5,4,5,1, ,45,1,5,TX,5,285,2,6.58333333333333,6,7,6.75,6,5.5,3.53333333333333,3.41176470588235,6.33333333333333,4.5,1,2,1,2,1,2,1,2,2,1,2,3,1,2,2,2,1,2,3.04,4.5,6.45454545454545,3,1,0,6.33333333333333,5.83333333333333,1,1,6.33333333333333,5.33333333333333,5,6.2
R_1nOcERjKwhPZmBb,1,5,8,7,8,7,8,7,8,7,8,7,8,7,7,2,7,6,7,6,7,6,2,4,3,4,3,4,3,4,3,4,3,4,3,4,3,3,4,3,4,3,4,3,4,3,4,3,4,3,4,3,4,3,7,6,7,6,7,6,6,7,6,7,6,7,6,7,6,7,6,7,6,7,7,6,7,6,7,6,7,6,7,7,6,5,4,5,4,5,4,5,4,2, ,5,4,5,4,5,4,5,4,1, ,30,2,4,MT,1,561,2,7.33333333333333,6.11111111111111,6.66666666666667,7.25,7.5,8,3.4,3.47058823529412,6.5,4.5,2,1,2,2,1,1,2,1,1,2,1,2,2,1,1,1,1,2,2.84,4.5,7.27272727272727,4,2,1,7,5.66666666666667,1,1,6.66666666666667,5,4.5,6.8
R_3HIklSAmwXBKcZI,1,8,7,8,8,8,7,8,8,8,8,7,8,7,7,7,7,7,7,7,7,7,2,3,3,3,3,3,2,3,3,3,3,2,3,3,3,2,3,3,3,4,3,3,2,3,3,3,4,3,3,3,2,3,5,5,6,6,6,6,6,6,6,7,6,6,6,5,6,6,6,5,6,6,5,5,6,6,6,6,2,5,5,3,5,3,4,4,4,3,4,4,4,4, ,3,3,4,4,3,3,4,4,1, ,31,2,5,TEXAS,1,323,2,7.75,7,8,7.5,7.5,8,2.8,2.94117647058824,5.66666666666667,3.75,2,2,2,2,2,3,2,2,3,2,2,3,2,2,6,3,5,3,3.56,3.5,7.72727272727273,3,4,1,7,7,1,0,7,7,7,7
R_2bTacinEFVx2PDj,1,6,6,6,7,6,7,6,7,6,7,6,7,4,5,6,5,4,4,5,6,5,3,2,3,2,3,2,3,2,3,2,3,2,3,2,3,3,2,3,2,3,2,3,2,3,2,3,2,3,2,3,2,3,5,6,5,6,5,6,4,5,6,5,4,5,6,5,4,5,6,5,4,5,4,5,6,5,4,5,6,4,3,4,5,4,4,4,3,4,4,4,4,2, ,4,5,4,4,4,3,4,3,1, ,65,1,5, ,1,315,2,6.41666666666667,4.88888888888889,6.33333333333333,6,6.5,7,2.53333333333333,2.52941176470588,5.5,3.875,4,3,2,4,3,3,4,3,3,4,3,3,3,4,2,5,4,3,3.84,3.875,6.36363636363636, ,2,1,5,4.83333333333333,1,0,4.83333333333333,5,5,5
R_3MSTa8QHHcB1AA8,1,4,6,5,7,4,4,5,6,4,6,6,6,3,5,4,6,4,4,6,5,6,2,4,3,3,3,2,3,2,3,2,3,2,2,2,3,2,3,2,3,2,3,2,4,2,4,3,2,2,3,1,4,3,6,5,6,5,6,5,3,5,4,6,5,4,6,3,6,5,3,5,6,5,3,6,4,3,5,3,6,6,6,6,4,4,3,4,4,3,4,3,4,1, ,3,4,3,4,3,4,2,4,1, ,28,2,5,VA,1,1010,2,5.25,4.77777777777778,5.33333333333333,5.25,4,6,2.6,2.64705882352941,5.5,3.625,5,3,4,3,4,5,2,3,3,2,3,2,5,3,2,2,2,4,3.52,3.375,5.18181818181818,3,1,0,4.66666666666667,4.83333333333333,1,0,5,4.33333333333333,3.5,5.2
R_8vPZbyZxZUkH8f7,1,5,7,5,5,6,6,5, ,6,5,5,5,7,7,7,7,4,6,6,7,6,2,3,3,3,3,3,3,2,2,3,3,3,3,3,3,3,2,3,3,3,3,3,3,3,3,2,3,3,3,2,3,3,3,6,5,2,1,3,5,3,3,3,6,6,3,5,4,6,5,2,3,3,6,2,4,2,2,6,2,5,5,2,2,2,2,3,4,3,4,4,3,4, ,4,4,5,5,4,4,5,5,2, ,25,1,5,NY,1,1697,2,5.45454545454545,6.33333333333333,5,5.75,6,5,2.8,2.82352941176471,3.33333333333333,3.125,3,5,5,2,2,3,4,2,6,5,5,6,6,6,6,3,6,6,4.52,4.5,5.45454545454545,1,4,1,6.66666666666667,6.16666666666667,1,0,6.16666666666667,6.66666666666667,7,6.6
R_1dtcHwo6J7AboC8,1,5,5,5,4, , ,6, , ,8,3,2,7,7,7,7,7,7,7,7,7,3,3,4,4,4,4,4,2,2,3,3,1,2,3,3,4,4,4,4,4,2,3,4,3,4,4,1,2,3,1,4,3,5,6,6,1,2,5,5,1,5,3,3,6,2,7,6,4,3,3,2,2,5,3,4,2,2,7,2,7,2,2,5,5,4,4,4,4,3,4,5,"2,4", ,4,4,4,4,4,4,4,4,2, ,21,2,5,TN,2,443,2,4.75,7,5,4.33333333333333, ,5,3,3.17647058823529,4.16666666666667,4.125,3,7,3,5,2,1,2,4,5,6,6,5,6,6,6,6,6,3,4.52,4,4.75,3,2,1,7,7,1,1,7,7,7,7
R_1DC4pDf7PELHs00,1,6,4,6,5,5,3,5,7,5,3,5,7,4,2,4,4,6,5,2,4,5,3,1,2,3,4,3,2,3,4,2,3,1,2,3,4,3,1,2,3,4,3,4,2,3,1,2,3,3,1,2,3,4,4,5,4,6,5,4,5,2,5,4,6,3,3,5,3,4,6,4,6,3,5,3,5,3,5,4,3,5,3,5,4,3,4,2,3,4,3,4,3,"1,2", ,4,2,3,4,4,2,3,4,1, ,23,2,5,IN,2,311,2,5.08333333333333,4,5.33333333333333,5,4,5,2.66666666666667,2.58823529411765,4.66666666666667,3.25,3,6,3,2,5,3,5,4,4,2,5,5,5,3,5,5,3,4,4.16,3.25,4.90909090909091,2,5,0,3.66666666666667,4.16666666666667,1,0,4.33333333333333,3.33333333333333,4,4
R_6r2JzY82ojp8gSJ,1,5,6,7,4,4,5,6,5,5,6,3,5,7,6,6,3,5,4,6,4,6,3,3,2,4,4,3,3,4,2,3,4,2,4,3,2,4,3,1,3,3,3,4,2,3,3,3,3,4,2,4,3,2,5,4,5,3,6,7,4,5,3,4,5,3,5,4,5,5,4,5,6,3,6,3,4,5,6,3,3,3,4,4,5,4,4,3,4,3,4,2,3,"2,3", ,4,3,5,3,4,5,2,3,1, ,31,1,4,LA,3,427,2,5.08333333333333,5.22222222222222,5,5.25,4.5,5.5,3.06666666666667,2.94117647058824,5,3.375,4,3,5,3,5,4,3,3,3,2,5,5,3,2,5,4,4,3,3.8,3.625,5.09090909090909,3,7,0,4.66666666666667,5.5,1,0,4.66666666666667,6.33333333333333,6.5,4.6
R_3DkIRXJTCCFRGXS,1,7,5,7,7,7,5,7,5,5,7,5,5,7,7,7,7,4,4,7,7,4,3,3,2,2,2,2,1,3,1,2,1,1,1,1,1,4,4,4,4,4,4,4,4,3,3,3,2,2,3,3,3,3,7,7,7,5,5,7,1,1,5,6,1,1,6,1,5,1,6,1,1,1,6,1,6,1,1,6,1,6,1,1,1,4,4,4,4,4,4,5,4,4, ,4,4,4,4,4,4,4,4,1, ,57,2,5,WI,1,393,2,6,6,7,5.5,6,6,1.73333333333333,3.35294117647059,6.33333333333333,4.125,7,7,3,7,7,7,3,7,7,7,7,7,7,7,7,7,7,7,6.4,4,6.09090909090909,2,4,1,6,6,0,1,5.5,7,7,5.8
R_3D2vMbycRZx8Fay,1,7,8,7,8,7,6,8,7,7,8,6,7,7,6,7,7,6,6,7,6,6,4,3,4,3,3,3,4,4,3,3,4,3,3,4,3,3,4,3,4,3,4,3,4,3,4,4,4,3,3,4,3,4,6,7,6,7,7,6,6,7,6,6,7,5,6,6,7,5,6,7,6,6,6,7,6,6,5,7,6,6,7,5,6,5,5,4,5,4,5,4,5,2, ,4,5,3,4,4,5,4,4,1, ,32,1,4,FL,4,998,2,7.16666666666667,6.44444444444444,7.66666666666667,7,6.5,7.5,3.4,3.52941176470588,6.5,4.625,2,1,2,1,3,2,1,3,1,2,2,1,2,3,2,1,3,2,3.08,4.125,7.18181818181818,3,2,1,6,6.66666666666667,1,1,6.16666666666667,7,7,6.2
R_2OTtdBFxnR5RXhv,1,3,6,7,4,7,6,5,5,8,6,8,7,7,6,6,6,5,6,7,6,6,2,3,3,2,2,2,3,3,2,1,1,2,3,2,2,3,2,3,2,2,3,2,3,3,2,2,3,2,3,3,2,2,6,5,5,4,5,6,3,4,5,6,5,5,4,3,4,5,5,4,2,3,3,4,5,4,3,4,5,5,4,4,4,4,3,3,4,4,4,3,4,2, ,3,4,4,4,4,3,3,4,2, ,26,2,5,IL,3,379,2,6,6.11111111111111,4,7.25,6.5,6.5,2.2,2.47058823529412,5.16666666666667,3.625,5,4,3,3,3,5,4,3,4,6,5,4,4,5,3,4,4,4,4.2,3.625,6.09090909090909,2,2,1,6,6.16666666666667,0,0,5.83333333333333,6.66666666666667,6.5,6
R_1nMTyXKzsNXJeRK,1,2,3,4,5,3,4,5,4,3,4,5,6,2,3,4,3,2,2,3,4,3,3,4,3,2,3,2,1,2,1,2,1,2,1,2,1,3,4,3,4,3,2,2,3,4,3,2,3,3,2,3,4,3,5,6,5,6,5,4,5,6,7,6,5,6,4,4,5,6,7,6,5,4,4,5,6,7,6,5,4,3,4,3,4,5,4,3,4,5,4,5,4,"1,2,3", ,4,5,4,5,4,5,4,5,1, ,32,1,4,NY,2,338,2,4,2.88888888888889,4,3.75,3.5,5,2,3,5.16666666666667,4.25,3,2,1,3,2,4,3,2,2,3,4,3,1,2,4,4,5,4,3.48,4.5,4,1,9,0,3,2.83333333333333,0,1,2.83333333333333,3,3,3
R_1mlQTr4E3K3AxUI,1,5,6,6,5,5,5,5,5,5,5,5,5,7,7,7,7,7,7,7,7,7,2,1,1,1,1,1,1,1,1,1,1,1,1,1,1,2,2,2,2,2,2,3,2,2,3,2,3,2,2,2,2,3,6,5,6,7,1,6,1,1,3,5,1,1,5,2,3,1,6,1,1,1,6,1,4,1,1,6,1,5,6,1,1,5,4,4,5,5,4,4,4,2, ,2,2,1,1,1,1,1,1,1, ,78,2,5,FL,1,384,2,5.16666666666667,7,5,5.5,5,5,1.06666666666667,2.23529411764706,5.16666666666667,4.375,7,7,5,7,7,6,5,7,7,7,7,7,7,7,7,2,7,7,6.12,1.25,5.18181818181818,3,2,1,7,7,0,0,7,7,7,7
R_2rIs0ifdq2h2Lqc,1,5,6,4,5,5,4,5,6,5,5,4,5,4,5,5,4,5,5,4,5,4,3,2,3,2,3,3,2,3,2,3,3,2,3,3,2,3,2,3,2,3,2,2,2,3,2,3,2,2,3,2,3,2,5,4,5,4,5,4,5,4,5,4,5,5,4,5,4,5,6,5,4,5,5,4,5,6,5,5,6,5,5,4,5,4,4,3,4,3,4,3,4,4, ,3,4,3,3,4,3,4,3,1, ,25,2,4,GA,1,361,2,4.91666666666667,4.55555555555556,5,4.75,4.5,5,2.6,2.41176470588235,4.5,3.625,3,4,3,3,3,3,4,3,3,4,3,4,2,3,2,3,4,3,3.64,3.375,4.81818181818182,3,4,1,5,4.33333333333333,1,0,4.66666666666667,4.33333333333333,4.5,4.6
R_1hKZuUugq3ZsAPb,1,6,7,8,8,5,7,6,6,5,7,8,7,7,7,5,7,4,7,5,6,7, ,3,4,2,3,2,4,2,3,2,3,4,4,2,2,2,4,3,2,2,4,3,3,2,4,3,2,3,4,2,2,3,5,7,7,7,5,7,4,6,7,5,4,5,6,5,3,4,6,7,4,5,5,6,7,3,5,5,6,3,5,6,4,3,5,4,5,4,5,4,3,2, ,4,3,5,5,4,4,5,3,1, ,29,1,5,CA,1,952,2,6.66666666666667,6.11111111111111,6.66666666666667,7,6,7,2.85714285714286,2.82352941176471,6.33333333333333,4.125,4,2,1,4,3,3,5,4,1,4,3,2,5,3,2,3,2,4,3.68,4.125,6.72727272727273,4,2,1,6.66666666666667,5.83333333333333,1,0,6.33333333333333,5.66666666666667,6,6.8
R_1eV0iydh1nDcXBH,1,6,6,5,4,4,4,6,6,7,6,4,4,5,5,4,4,3,3,3,5,5,3,3,2,2,3,3,3,2,2,3,2,3,2,2,3,2,2,3,3,3,2,2,3,3,2,3,2,2,3,3,2,3,5,4,4,5,5,4,5,5,4,3,4,5,5,4,4,5,5,4,3,3,4,4,5,5,4,4,3,3,3,4,5,4,3,3,4,4,3,3,4,2, ,3,3,4,4,3,3,2,2,2, ,28,2,5,TX,1,647,2,5.16666666666667,4.11111111111111,5.33333333333333,5.5,4,5,2.53333333333333,2.52941176470588,4.5,3.5,3,3,4,4,3,4,4,3,4,5,5,4,3,4,5,5,4,3,3.96,3,5.09090909090909,3,2,1,4.33333333333333,4,1,0,4.16666666666667,4,4.5,4.4
R_2A0Cnr8R9HdowvV,1,6,7,7,5,8,8,6, ,5,4,7,8,7,7,7,7,7,7,7,7,7,2,2,2,2,3,2,2,2,2,2,2,1,2,2,2,3,3,2,3,3,3,3,3,2,2,3,2,3,3,2,2,2,6,7,6,1,1,5,6,3,6,5,3,5,3,6,5,3,6,5,5,5,3,6,1,5,5,3,6,3,7,6,5,3,4,4,4,4,4,4,4,2, ,4,5,4,4,5,4,4,5,1, ,26,1,6,FL,1,951,2,6.45454545454545,7,5.66666666666667,6.5,8,6,2,2.58823529411765,4.33333333333333,3.875,2,5,2,5,3,2,3,5,3,3,3,2,3,3,2,1,2,3,3.04,4.375,6.45454545454545,3,2,1,7,7,0,0,7,7,7,7
R_1PZD6dZOEvKN4vs,1,6,5,5,6, ,5,5, ,5,7,5,5,7,7,7,7,4,7,4,4,4,3,3,3,3,3,3,3,3,4,4,4,2,3,3,3,3,3,3,3,3,3,4,4,3,4,3,4,3,3,4,3,3,7,7,7,5,4,6,5,1,5,6,1,5,3,6,7,4,5,3,6,5,5,1,3,5,4,4,5,2,6,5,5,4,4,4,4,4,4,4,4,"2,3", ,5,5,5,5,5,5,5,5,1, ,34,2,5,FL,1,652,2,5.4,5.66666666666667,5.66666666666667,5,5,6,3.13333333333333,3.29411764705882,6,4,3,7,3,7,3,2,1,4,5,2,3,7,3,4,3,2,3,3,3.72,5,5.4,3,7,0,6,5.5,1,1,5.5,6,7,5.8
R_3piq7UEGe27loag,1,5,5,5,5, , ,5, ,5,2,5,3,7,5,5,4,4,4,4,4,4,1,1,1,1,2,1,1,2,1,2,1,1,1,1,1,3,2,2,2,3,4,3,3,3,4,3,2,2,4,2,2,2,7,7,7,5,7,7,1,1,4,6,1,1,5,1,4,1,7,1,2,2,5,1,4,1,1,6,1,2,4,1,1,5,5,5,5,5,5,3,5,"2,5","Reading, studying, cleaning, and working out at home.",2,2,2,3,3,2,2,2,2, ,47,2,5,NC,1,636,2,4.44444444444444,4.55555555555556,5,5, ,2.5,1.2,2.70588235294118,6.66666666666667,4.75,7,7,4,7,7,7,4,7,7,6,6,7,7,7,7,4,7,7,6,2.25,4.44444444444444,3,2,1,4.33333333333333,4.66666666666667,0,0,4.16666666666667,5.33333333333333,6,4.2
R_1C8ZfDv9wclAh1G,1,7,8,8,8,8,7,7,8,8,8,7,7,6,7,7,6,5,5,6,7,6,3,3,3,3,4,3,3,3,4,4,3,4,4,2,4,3,4,4,4,3,3,4,4,4,3,3,4,4,3,3,4,4,6,6,7,6,7,6,6,7,7,6,6,6,7,7,6,6,7,7,6,7,7,7,6,6,6,7,7,6,7,6,7,5,5,5,4,4,5,5,5,"2,3", ,4,5,5,4,4,5,5,4,1, ,30,1,4,CA,1,680,2,7.58333333333333,6.11111111111111,7.33333333333333,7.75,7.5,7.5,3.33333333333333,3.58823529411765,6.33333333333333,4.75,2,1,1,2,2,1,2,2,1,2,1,1,2,2,1,1,2,1,2.92,4.5,7.54545454545455,4,7,0,6.33333333333333,6,1,1,6,6.33333333333333,6.5,6.2
R_806UYNcW4T1PoqJ,1,7,6,5,5,6,6,5,6,6,5,7,6,4,5,6,5,4,5,5,6,5,3,2,3,2,2,2,3,2,3,3,3,2,2,3,3,2,3,2,2,3,3,3,2,2,3,2,3,3,3,3,2,3,5,4,6,4,5,5,4,5,6,5,4,4,5,4,5,6,4,4,5,4,5,6,4,5,5,4,6,4,6,5,6,4,3,4,3,3,4,4,3,2, ,4,3,3,4,4,3,3,4,1, ,61,1,4, ,1,697,2,5.83333333333333,5,5.66666666666667,6,6,5.5,2.53333333333333,2.58823529411765,4.83333333333333,3.5,4,3,2,4,4,4,3,2,4,3,4,2,3,3,2,2,3,2,3.4,3.5,5.81818181818182, ,2,1,5.33333333333333,4.83333333333333,1,0,5,5,5,5.2
R_1jBrPbYo01wCuNo,1,7,7,8,6,7,7,8,7,8,7,8,7,6,6,5,7,6,7,6,7,6,3,2,4,3,2,2,3,2,3,4,3,4,3,4,2,3,4,3,4,3,3,4,3,4,3,4,3,4,3,4,3,4,6,6,6,7,6,7,6,7,6,7,6,7,6,5,5,4,5,6,5,6,6,6,7,7,6,6,6,6,7,7,6,4,5,4,5,4,5,4,5,2, ,5,5,4,5,4,4,5,4,1, ,30,1,4,HI,1,506,2,7.25,6.22222222222222,7,7.75,7,7,2.93333333333333,3.47058823529412,6.33333333333333,4.5,2,1,2,2,1,3,3,4,2,3,2,2,1,2,2,1,1,2,3.16,4.5,7.27272727272727,4,2,1,6.66666666666667,6,1,1,6.5,5.66666666666667,5.5,6.6
R_3fkPISeAUXjcChh,1,6,3,7,5,3,7,4,6,3,6,4,7,6,3,5,2,4,3,6,4,5,4,3,1,2,3,2,3,2,4,3,2,3,4,2,3,3,2,4,3,2,3,2,3,2,3,2,4,3,2,3,4,2,6,5,4,6,3,4,4,3,5,4,3,6,4,3,4,6,3,4,5,3,5,4,3,5,4,3,5,4,3,4,5,4,2,3,4,2,3,4,3,"1,2,3,4", ,4,2,3,4,3,2,4,3,2, ,27,1,2,CA,3,875,2,5.08333333333333,4.22222222222222,5,4.25,5,6.5,2.73333333333333,2.76470588235294,4.66666666666667,3.125,4,5,3,5,2,5,4,2,4,3,5,4,3,4,3,5,4,3,3.76,3.125,5,4,9,0,3.33333333333333,4.66666666666667,1,0,3.5,5.66666666666667,5.5,3.4
R_1Fa13zgOSfFQrzb,1,8,8,8,8,8,8,8, ,8,8,8,2,7,7,7,7,7,7,7,7,7,4,4,4,4,4,4,4,4,4,4,4,4,4,4,4,4,4,4,4,4,2,3,4,4,4,4,4,4,4,4,3,4,7,7,7,7,1,7,7,4,7,1,7,7,4,6,7,7,4,4,7,7,4,5,1,7,7,1,7,4,3,7,7,5,5,5,5,5,5,5,5,2, ,5,5,5,5,5,3,5,5,1, ,34,2,5,CA,1,485,2,7.45454545454545,7,8,8,8,5,4,3.76470588235294,6,5,1,4,1,1,1,2,1,1,4,1,1,3,1,1,1,5,1,1,2,4.75,7.45454545454545,4,2,1,7,7,1,1,7,7,7,7
R_3j8uR38YzCPhoYY,1,7,4,4,6,5, ,6,5,7,4,6,5,7,5,5,7,5,7,4,7,5,4,3,3,2,4,2,3,3,3,2,1,3,3,1,2,4,3,2,4,2,4,3,3,4,2,4,2,4,3,3,2,3,5,6,4,6,5,7,4,7,6,5,3,6,5,4,3,6,6,5,7,5,6,5,6,4,7,5,7,6,4,7,5,4,3,1,5,5,5,3,3,1, ,4,4,1,5,5,2,3,4,1, ,32,1,4,NY,4,593,2,5.36363636363636,5.77777777777778,6.33333333333333,5.25,5,4.5,2.6,3.05882352941176,5.5,3.625,4,1,2,5,2,4,5,2,3,1,3,3,4,1,1,4,1,3,3.52,3.5,5.4,1,1,0,6.33333333333333,5.5,1,1,6,5.33333333333333,6,6.2
R_0rgTOFkuNwvmOOd,1,7,8,7,7,8,6,7,7,7,6,8,7,6,6,7,7,6,6,6,7,6,3,4,3,3,4,3,4,3,4,4,4,3,3,4,3,3,4,4,3,3,4,3,3,4,4,3,3,3,4,4,3,4,6,6,7,6,6,7,6,7,6,7,6,5,6,6,7,6,6,7,6,6,6,5,6,6,7,6,7,6,7,6,7,4,5,4,4,5,4,4,5,2, ,4,5,4,5,4,5,4,5,1, ,36,1,4,WA,5,582,2,7.08333333333333,6.33333333333333,7,7.5,7,6.5,3.46666666666667,3.47058823529412,6.33333333333333,4.375,2,1,2,2,3,2,1,2,1,2,2,3,2,1,1,1,2,1,2.96,4.5,7.09090909090909,4,2,0,6.33333333333333,6.33333333333333,1,1,6.33333333333333,6.33333333333333,6.5,6.4
R_1hWjEL5BLLUGCAS,1,3,4,6,8, ,4,8,2,4, ,5,4,5,5,7,3,7,1,4,3,6,4,1,3,4,2,3,2,1,4,4,4,3,3,2,2,2,2,2,1,3,4,4,1,3,4,2,4,2,4,4,4,2,6,7,6,5,4,7,7,5,2,3,2,4,3,1,7,6,3,2,1,5,7,5,4,2,2,1,2,2,7,1,3,4,3,1,3,5,1,5,5,2, ,2,5,4,1,5,2,4,3,1, ,32,2,5,CA,5,207,2,4.8,4.55555555555556,6.33333333333333,4.75,4,4,2.8,2.82352941176471,5.83333333333333,3.375,1,3,6,6,4,7,1,2,6,7,3,3,6,6,6,1,7,5,4.12,3.25,5.11111111111111,4,2,1,3,5.33333333333333,1,0,4.16666666666667,5.33333333333333,6,3.6
R_3PpMITIlj1Py04V,1,8,8,8,7,8,8,4,5,8,8,8,5,7,7,7,6,7,6,7,7,7,3,4,3,3,4,3,1,3,2,2,3,2,4,2,1,4,4,4,4,3,4,4,3,3,4,4,4,4,4,3,4,4,7,2,7,7,6,7,7,7,6,5,1,7,1,7,6,1,2,3,1,5,3,1,1,1,6,1,7,1,7,7,7,5,5,5,4,5,5,5,5,"1,2", ,5,5,5,4,5,4,5,5,1, ,33,2,4,CA,1,997,2,7.08333333333333,6.77777777777778,6.33333333333333,8,8,6.5,2.66666666666667,3.76470588235294,6,4.875,1,1,2,7,1,1,2,7,5,7,3,7,7,2,1,1,1,1,2.84,4.75,7.27272727272727,4,5,1,6.66666666666667,6.83333333333333,1,1,6.66666666666667,7,7,6.6
R_3ijJQmIBt8aAf5y,1,3,6,6,6,4,6,5,4,5,5,6,5,4,4,5,4,4,5,4,4,4,1,2,1,2,1,2,1,2,1,1,1,2,1,1,1,3,3,4,3,4,3,3,4,3,3,4,3,3,4,3,3,3,6,6,6,7,6,6,1,2,3,3,3,2,2,1,2,1,1,2,1,2,5,7,6,6,7,6,6,6,3,2,2,4,5,5,4,5,4,5,5,2, ,4,4,4,4,4,5,4,4,2, ,35,2,5,NY,1,1661,2,5.08333333333333,4.22222222222222,4.66666666666667,5.75,5,5,1.33333333333333,3.29411764705882,6.16666666666667,4.625,7,6,5,5,6,7,6,7,6,7,6,1,2,1,2,5,6,6,4.8,4.125,5.18181818181818,1,2,0,4.33333333333333,4.16666666666667,0,1,4.16666666666667,4.33333333333333,4.5,4.2
R_Z4ZK2BB8lwbfIu5,1,5,5,5,5,8,5,5,5,5,5,5,5,7,7,7,7,7,7,7,7,7,4,4,4,4,4,4,4,4,4,4,3,3,2,2,2,4,4,4,4,4,4,4,4,4,4,4,4,4,4,4,4,4,1,4,4,1,1,1,6,3,6,2,3,5,2,7,5,2,5,3,6,5,3,2,2,7,3,5,7,3,6,3,6,4,4,4,4,4,4, ,2,"1,3", ,5,5,5,4,4,5,5,5,2, ,35,2,5,IL,1,533,2,5.25,7,5,5,6.5,5,3.46666666666667,4,2,3.71428571428571,2,5,2,5,3,1,3,6,5,2,3,6,1,5,1,2,5,2,3.24,4.75,5.27272727272727,2,6,1,7,7,1,1,7,7,7,7
R_24CGltxFRHIdvOx,1,7,7,7,7,7,7,4,5,4,7,7,7,6,6,6,6,6,6,6,6,6,3,3,3,3,3,3,3,3,3,3,3,2,3,3,1,3,3,3,3,3,3,3,4,3,3,3,3,3,3,2,3,3,6,6,6,6,4,5,3,2,6,6,2,2,6,2,6,2,6,2,2,2,6,2,6,2,2,6,2,6,3,5,2,4,4,4,4,4,4,4,4,"2,3", ,4,4,4,4,4,4,4,4,2, ,29,2,5,IL,2,2212,2,6.33333333333333,6,6,6.25,7,7,2.8,3,5.5,4,5,6,2,6,6,6,2,6,6,6,6,6,6,6,6,5,3,6,5.48,4,6.45454545454545,2,7,0,6,6,1,1,6,6,6,6
R_3aVuKY7N4R1n6Wl,1,6,7,7,6,5,6,6,6,8,6,5,5,6,5,6,4,6,5,6,4,5,4,3,3,3,3,2,2,4,3,3,3,3,2,3,3,3,3,3,3,2,3,2,3,3,3,2,3,3,2,3,3,3,6,5,6,6,6,6,7,5,6,6,5,4,5,6,4,5,6,5,5,6,6,5,5,6,5,5,6,6,2,5,5,4,4,4,5,5,5,4,5,"1,2,3", ,4,5,4,4,3,4,4,3,1, ,30,2,5,OR,2,318,2,6.08333333333333,5.22222222222222,6,6.75,5.5,5.5,2.93333333333333,2.76470588235294,5.83333333333333,4.5,1,3,2,3,4,2,4,3,3,3,2,3,2,3,2,6,3,3,3.64,3.875,6.09090909090909,4,9,0,4.66666666666667,5.5,1,0,4.83333333333333,6,6,4.6
R_1gtGdyMJeg3Cret,1,6,7,8,7,7,7,8,7,7,8,7,8,5,6,7,7,6,6,7,7,6,3,4,3,3,4,3,3,4,3,4,3,4,3,3,4,3,4,3,3,3,4,3,4,4,3,4,4,4,3,4,4,4,7,6,7,7,6,7,6,7,7,6,6,6,7,6,7,6,6,6,7,6,6,7,6,6,7,6,6,6,7,6,7,5,4,5,4,5,5,5,5,"1,3,4", ,4,5,4,4,4,4,5,5,1, ,33,2,4,NY,4,1028,2,7.25,6.33333333333333,7,7.25,7,8,3.4,3.58823529411765,6.66666666666667,4.75,2,1,1,2,2,2,1,2,2,1,2,1,2,1,2,1,2,1,2.84,4.375,7.27272727272727,1,6,0,6.33333333333333,6.33333333333333,1,1,6.33333333333333,6.33333333333333,6,6.4
R_2QzKIWEHYXZrHMt,1,8,7,6,7,8,7,6,7,8,7,6,7,7,6,5,5,5,5,6,7,5,4,3,2,2,1,1,2,3,4,4,3,2,3,4,4,4,3,2,3,4,3,3,4,3,2,3,3,3,4,3,2,3,6,6,5,6,6,6,7,6,5,5,6,6,5,5,6,7,6,5,4,4,3,2,4,5,6,6,6,7,5,3,4,4,3,3,4,4,4,3,5,1, ,5,4,3,2,2,2,3,4,1, ,49,1,2,CA,4,637,2,7,5.66666666666667,7,6.75,7.5,7,2.8,3.05882352941176,5.83333333333333,3.75,1,2,3,2,2,3,2,1,3,4,4,6,3,2,2,3,5,4,3.52,3.125,7,4,1,0,6,5.5,1,1,5.5,6,6,5.6
R_2rjXEPNExthsH3y,1,8,7, , ,4, , ,5,5,6,6,7,6,5,5,1,1,1,1,1,1,4,3,2,3,3,4,3,4,3,3,3,4,3,3,3,4,3,1,1,1,1,1,1,1,1,1,1,1,1,3,3,3,5,5,5,5,5,5,7,6,4,3,3,3,3,3,4,5,6,6,7,6,6,6,5,5,6,6,5,3,3,3,5,4,4,4,5,5,4,5,4,1, ,5,4,3,4,4,4,3,3,1, ,40,1,2,NY,3,520,2,6,2.44444444444444,8,6,4,6.5,3.2,1.64705882352941,5,4.375,1,2,4,5,5,5,4,3,2,1,2,2,3,2,3,5,5,3,3.56,3.75,6.14285714285714,1,1,0,2.33333333333333,2.5,1,0,1.66666666666667,4,5.5,1.8
R_2zr8ooY3GUAL2IP,1,4,4,4,4,8,7,2, ,3,3,5,5,7,4,7,7,6,4,6,4,5,2,2,1,1,1,2,2,1,1,2,1,1,1,1,1,4,3,3,4,4,4,4,4,4,4,4,3,4,2,2,3,2,7,7,7,4,4,7,6,1,4,5,1,5,3,6,3,1,6,2,1,5,7,1,1,3,1,7,5,7,7,1,5,4,5,5,5,5,5,5,5,"2,3", ,4,3,3,2,4,4,4,4,1, ,48,2,5,OH,1,1201,2,4.45454545454545,5.55555555555556,3.33333333333333,4,7.5,4,1.33333333333333,3.41176470588235,6,4.875,2,7,4,7,3,2,5,7,6,7,3,7,5,7,3,1,7,3,4.88,3.5,4.45454545454545,2,7,0,4,6.33333333333333,0,1,5,6.66666666666667,7,4.8
R_zd0fkqkR1k4ehS9,1,8,7,6,7,8,7,6,8,8,7,8,8,7,6,5,6,7,7,6,5,6,4,3,4,4,4,4,3,4,3,4,4,2,4,4,4,4,3,4,3,4,4,4,3,4,3,4,3,4,3,4,3,4,6,6,6,6,6,6,7,6,6,5,6,7,7,7,6,5,6,6,6,7,7,6,7,6,7,6,7,7,6,3,5,4,4,4,5,4,4,5,4,1, ,5,4,4,5,4,5,4,5,1, ,64,1,2,CA,3,367,2,7.33333333333333,6.11111111111111,7,7.25,7.5,7.5,3.66666666666667,3.58823529411765,6,4.25,1,2,2,2,1,1,2,3,2,2,1,2,2,1,1,2,5,3,3.2,4.5,7.27272727272727,4,1,0,6,6.16666666666667,1,1,6.16666666666667,6,6,6
R_20SR0DP2AUC78Hh,1,8,6,6,7,8,7,6,7,8,7,6,5,7,6,5,4,3,7,6,5,4,4,3,4,3,3,4,3,4,4,4,4,3,4,3,4,4,3,4,3,4,4,3,4,3,4,3,4,4,3,3,3,4,6,6,6,6,6,6,6,6,6,6,7,7,6,7,6,5,4,5,6,7,7,6,5,4,3,4,5,6,6,4,6,4,4,5,4,5,4,5,5,1, ,5,4,3,4,4,5,4,5,1, ,42,1,2,AZ,3,435,2,6.75,5.22222222222222,7,6.5,7.5,6,3.6,3.52941176470588,6,4.5,2,2,2,1,1,1,2,3,3,2,1,2,4,5,3,2,4,2,3.2,4.25,6.72727272727273,4,1,0,6,4.83333333333333,1,1,4.83333333333333,6,6,5.2
R_1Fu3dbU28Z7L1Lm,1,5,4,4,4,3,3,3,3,5,5,8,8,5,5,6,6,6,6,6,7,7,2,2,2,1,2,2,2,2,2,1,2,2,1,2,3,3,3,2,3,3,3,3,3,4,3,3,3,3,3,3,4,3,5,5,6,5,6,6,3,3,3,4,4,3,3,3,3,4,4,3,4,3,3,3,4,3,3,4,4,3,3,3,4,4,3,4,4,3,3, ,3,4, ,2,2,3,3,2,2,2,3,1, ,31,2,5,TX,1,241,2,4.58333333333333,6,4,5.25,3,6.5,1.86666666666667,3.05882352941176,5.5,3.42857142857143,5,5,5,4,5,5,5,4,5,4,5,5,5,5,4,5,5,4,4.4,2.375,4.72727272727273,3,4,1,6,6,0,1,6.16666666666667,5.66666666666667,5.5,6.2
R_3oGQMsvPAhQX9Hj,1,6,7,4,7,6,5,5, ,5,4,6,5,6,7,7,4,4,4,5,6,4,2,3,2,2,3,2,2,3,3,3,2,2,2,3,2,2,2,3,3,3,3,3,4,3,4,3,2,3,4,3,3,3,6,6,7,7,5,6,5,3,5,5,5,5,3,5,6,3,5,1,6,6,5,3,2,3,2,3,6,1,6,6,6,2,4,4,2,4,4,4,4,1, ,4,4,4,3,4,4,2,4,1, ,54,2,5,NM,1,849,2,5.45454545454545,5.22222222222222,6,5.5,5.5,4.5,2.4,3,6.16666666666667,3.5,3,5,3,3,3,3,2,5,7,2,2,5,5,6,2,2,2,2,3.44,3.625,5.45454545454545,4,1,0,5.66666666666667,5,0,1,4.83333333333333,6,6.5,5
R_1M5MHEM96NB8sfc,1,7,7,7,7,8, ,2, ,8,5,6,7,7,5,7,7,4,7,7,4,4,2,2,2,2,2,2,2,2,2,2,2,2,1,2,2,2,2,2,3,2,2,2,2,2,3,3,2,2,3,2,2,2,3,1,2,7,2,3,5,4,6,3,3,5,3,5,5,3,5,2,5,5,4,2,3,2,3,5,5,3,3,4,5,4,4,4,4,4,4,3,4,"1,2", ,4,3,3,4,4,4,4,3,2, ,41,2,5,NY,1,450,2,6.4,5.77777777777778,5.33333333333333,7,8,6,1.93333333333333,2.23529411764706,3,3.875,3,4,2,5,3,3,3,5,6,3,3,6,6,5,3,5,4,3,3.92,3.625,6.4,1,5,0,5.33333333333333,6,0,0,5.16666666666667,7,7,5.4
R_3fw5ZFJJA4Fu2uG,1,6,8,5,6,8,8,3, ,4,7,7,2,7,7,7,7,1,7,7,4,6,3,3,2,2,2,2,3,3,4,2,3,2,4,2,3,1,1,2,2,1,2,3,1,2,3,3,1,3,2,2,3,2,7,6,6,4,2,5,5,3,5,5,4,5,3,5,2,3,4,2,5,6,3,3,1,3,5,3,6,3,7,5,5,5,4,4,2,2,3,4,2,4, ,5,4,5,5,3,5,4,4,1, ,21,2,2,MI,1,601,2,5.81818181818182,5.88888888888889,5,6,8,4.5,2.66666666666667,2,5,3.25,3,5,3,4,3,3,6,5,6,3,2,5,5,3,2,1,3,3,3.48,4.375,5.81818181818182,2,4,1,6,5.83333333333333,1,0,5.33333333333333,7,7,6.2
R_2Qnv5HhlM0pelzj,1,5,5,5,5,7,7,5,5,5,5,5,5,6,6,7,7,6,6,4,5,5,2,1,1,1,1,1,1,1,1,1,1,1,1,1,2,4,3,3,3,3,3,3,3,3,3,3,3,4,3,2,3,3,6,7,7,7,2,7,1,1,1,6,1,1,4,1,5,2,6,2,4,3,6,1,4,1,1,7,3,5,2,1,1,5,5,5,5,5,5,5,5,2, ,4,3,1,4,3,4,2,4,1, ,65,2,5,GA,1,493,2,5.33333333333333,5.77777777777778,5,5,7,5,1.13333333333333,3.05882352941176,6,5,7,7,7,7,7,7,3,6,6,4,5,7,7,7,5,6,7,7,6,3.125,5.36363636363636,3,2,1,5.66666666666667,5.83333333333333,0,1,5.83333333333333,5.66666666666667,6.5,5.8
R_sAo2RtfRkS4I5YR,1,2,6,6,7,6,7,6,7,6,6,5,6,7,6,6,5,6,6,6,5,6,3,2,2,2,3,3,2,2,3,2,3,3,2,3,3,3,2,3,3,2,3,3,2,2,3,3,2,3,3,2,3,3,5,6,5,5,4,5,5,5,4,5,5,4,5,5,5,4,4,4,5,5,6,5,5,5,5,6,5,5,4,4,3,4,3,4,4,4,4,3,4,2, ,5,4,4,4,5,4,4,4,1, ,41,2,5,CA,1,530,2,5.83333333333333,5.88888888888889,5,5.75,6.5,6,2.53333333333333,2.64705882352941,5,3.75,3,3,4,3,4,3,3,4,4,3,3,3,3,3,3,4,4,5,3.92,4.25,5.72727272727273,4,2,1,5.66666666666667,6,1,0,5.66666666666667,6.33333333333333,6.5,5.6
R_2lssYGWlaYMIQz7,1,5,5,5,5,8,5,5, ,5,5,5,5,5,5,1,1,1,4,4,4,4,2,2,1,1,1,1,1,2,1,2,2,2,2,2,1, , , , , , , , , , , , , , , , , ,4,4,4,1,1,4,1,1,1,6,1,1,6,1,4,1,7,1,1,1,7,1,4,1,1,7,1,4,4,1,1,4,4,4,4,4,4,4,4,4, ,3,3,3,3,3,3,3,3, , , , , , , ,609,2,5.27272727272727,3.22222222222222,5,5,6.5,5,1.53333333333333, ,3,4,7,7,7,7,7,7,4,7,7,7,7,7,7,7,7,4,7,7,6.44,3,5.27272727272727, ,4,1,4.33333333333333,2.66666666666667,0, ,3.16666666666667,3.33333333333333,3,3.6
R_2AY9gkOuEGUq1d0,1,5,6,5,5,8,8,5, ,6,7,7,5,7,7,7,7,7,7,7,4,5,2,2,2,3,3,3,2,3,2,2,3,3,2,1,1,3,3,3,3,3,3,3,4,4,3,3,3,4,3,4,3,3,7,7,7,7,4,7,5,4,5,4,3,5,3,5,3,3,5,2,4,3,4,1,5,2,2,5,3,6,4,1,1,5,4,4,4,4,4,4,3,2, ,4,4,4,4,4,4,4,4,2, ,29,1,5,KY,2,640,2,6.09090909090909,6.44444444444444,5,6,8,6,2.26666666666667,3.23529411764706,6.5,4,3,4,3,5,3,3,5,5,6,4,5,7,6,6,5,4,7,7,4.8,4,6.09090909090909,3,2,1,6,6.66666666666667,0,1,6.16666666666667,7,7,6
R_6JRclmELPPh3SEh,1,2,8,7,2,2,7,8,8,7,7,8,8,7,7,7,7,7,7,7,7,7,1,4,4,1,2,4,3,1,4,4,2,3,3,3,2,2,1,3,3,1,1,4,4,4,2,3,3,4,1,1,1,4,7,1,1,2,2,6,3,2,4,6,2,3,2,2,6,4,2,1,2,1,5,6,2,2,7,1,4,4,6,5,6,3,1,3,3,3,2,5,4,2, ,4,4,5,4,1,3,4,3,2, ,57,2,5, ,2,301,2,6.16666666666667,7,4,7.5,4.5,7.5,2.73333333333333,2.47058823529412,3.16666666666667,3,5,6,4,6,5,6,2,4,7,6,7,2,6,1,4,2,3,2,4,3.5,6, ,2,1,7,7,1,0,7,7,7,7
R_2qjRJHg4d6PapfQ,1,6,2,2,5, , ,5, , ,5,2,2,7,7,7,7,4,4,7,7,4,2,2,2,2,2,2,2,2,2,2,1,1,1,1,1,2,1,1,2,3,2,3,3,4,3,3,2,3,3,3,2,3,2,4,4,1,1,1,1,1,1,5,2,1,4,1,1,1,7,1,5,5,6,1,4,1,1,6,1,7,1,1,1,4,4,4,4,4,5,4,5,4, ,4,4,4,1,3,4,4,4,2, ,59,2,5,CA,1,884,2,3.625,6,5.33333333333333,2, ,3.5,1.66666666666667,2.52941176470588,2.16666666666667,4.25,7,7,7,6,7,7,7,7,7,3,3,7,7,7,7,7,7,7,6.24,3.5,3.625,4,4,1,6,6,0,0,5.5,7,7,5.8
R_1jkoo3htU2Sv49v,1,8,7,8,7,7,8,7,8,8,8,6,7,6,7,5,6,7,7,6,7,5,4,3,4,2,3,4,3,4,3,2,3,4,3,2,3,3,4,2,3,4,3,4,3,4,2,3,4,3,2,4,3,4,7,5,6,4,5,7,7,6,5,6,7,5,6,7,5,6,7,5,6,7,6,5,7,5,6,7,6,6,6,4,6,4,5,4,3,4,5,4,5,4, ,5,4,5,3,4,5,4,3,2, ,26,1,2,CA,5,307,2,7.41666666666667,6.22222222222222,7.33333333333333,7.25,7.5,7.5,3.13333333333333,3.23529411764706,5.66666666666667,4.25,1,2,3,1,3,1,3,2,3,2,1,3,3,2,2,2,4,2,3.4,4.125,7.36363636363636,4,4,1,7,5.83333333333333,1,1,6.5,5.66666666666667,5.5,6.4
R_3DpvPubYNpxdSiq,1,6,7,7,7,5,6,6,3,6,7,7,7,6,6,6,5,5,7,6,6,7,3,3,3,2,2,2,3,3,1,2,2,1,1,1,1,3,3,3,3,3,3,3,3,2,3,3,3,3,3,3,3,2,6, ,6,5, ,6,5,5,6,6,4,4,5,4,5,5,5,4,3,3,5,3,5,3,3,5,3,5,5,5,3,4,4,4,4,4,4,4,3,4, ,4,4,4,4,4,4,4,4,1, ,34,2,6,MA,1,1078,2,6.16666666666667,6,6.33333333333333,6.75,5.5,7,2,2.88235294117647,5.75,3.875,3,3,2,4,4,4,3,3,4,5,5,5,5,5,5,3,3,5,4.28,4,6.45454545454545,1,4,1,6.33333333333333,5.83333333333333,0,0,6,6,6,6.2
R_A7l5h7XNYGRSpOh,1,5,8,5,5,8,5,5, ,6,5,5,5,6,6,7,4,4,4,3,4,4,2,2,2,1,1,1,1,1,1,1,1,1,1,1,1,2,2,2,2,2,2,2,2,2,2,2,1,4,2,1,1,1,7,7,7,7,7,7,6,5,5,4,4,5,3,6,5,3,4,4,4,4,3,4,3,4,4,3,5,4,7,4,4,4,4,4,4,4,4,4,4,2, ,3,3,3,3,3,3,3,3,1, ,53,2,5,IL,2,770,2,5.63636363636364,4.66666666666667,5,6,6.5,5,1.2,1.88235294117647,7,4,2,3,3,4,3,2,3,5,4,4,4,4,4,4,3,1,4,4,3.4,3,5.63636363636364,2,2,1,4.66666666666667,4.66666666666667,0,0,4.33333333333333,5.33333333333333,6.5,4.4
R_2z6j1KvFHpdAsme,1,6,5,6,4,6,4,4,4,6,4,4,3,5,4,5,3,4,4,3,4,4,3,2,1,2,3,2,3,2,2,3,2,3,2,1,2,2,3,2,4,2,3,2,4,2,4,4,4,3,2,2,2,3,6,5,4,5,3,4,5,6,5,6,5,6,5,6,5,4,5,6,5,4,5,4,6,5,4,5,6,6,5,5,5,4,5,4,4,4,4,5,4,"1,2,3", ,4,5,4,4,4,4,5,4,1, ,25,1,5,AZ,1,307,2,4.66666666666667,4,4.66666666666667,5.25,5,3.5,2.2,2.82352941176471,4.5,4.25,3,2,3,3,2,2,3,4,2,3,4,4,3,4,2,3,3,3,3.64,4.25,4.72727272727273,4,9,0,4,4,0,0,3.83333333333333,4.33333333333333,5,3.8
R_qL8pg2Lh3rDKMEx,1,4,4,5,5,5,4,5,5,4,5,6,5,3,4,5,4,5,4,5,5,5,2,2,3,3,2,2,2,3,3,2,2,2,3,2,3,2,3,2,3,2,3,2,2,3,2,2,3,2,3,2,3,2,5,6,5,4,5,6,4,4,5,4,5,6,5,4,5,4,4,3,4,4,4,4,5,6,5,6,5,4,4,3,4,3,4,3,4,3,4,3,4,2, ,2,3,4,3,3,4,3,4,1, ,25,2,1, ,2,1057,2,4.75,4.44444444444444,4.66666666666667,4.75,4.5,5,2.4,2.41176470588235,5.16666666666667,3.5,4,4,3,3,2,4,3,4,5,4,4,4,2,3,3,4,5,4,3.88,3.25,4.72727272727273, ,2,1,4.33333333333333,4.5,0,0,4.5,4.33333333333333,4,4.4
R_23td4cE7648U5FL,1,6,7,8,7,6,7,8,7,7,6,8,7,5,6,6,7,5,6,7,5,6,4,3,4,3,4,2,3,4,3,4,3,4,3,4,3,3,4,3,2,3,4,3,3,3,4,2,3,4,3,3,4,2,6,7,5,6,5,6,6,5,6,7,6,7,5,5,6,7,6,5,6,7,6,5,6,7,6,5,6,6,5,7,7,4,5,4,4,4,5,4,5,2, ,4,5,3,4,5,4,5,5,1, ,29,1,4,NY,3,754,2,7,5.88888888888889,7,7.5,6.5,6.5,3.4,3.11764705882353,5.83333333333333,4.375,2,3,2,2,1,3,2,1,3,2,1,3,1,2,2,3,1,1,3.04,4.375,7,1,2,1,5.66666666666667,6,1,1,5.83333333333333,6,5.5,6
R_3MybKWOyfqFzNXN,1,2, ,6,8,8,6,3, ,7, ,2,3,6,6,6,4,2,7,4,1,5,4,4,4,1,3,3,3,1,4,4,1,3,1,2,1,2,3,2,2,3,1,2,3,1,2,4,3,2,2,2,2,1,1,6,4,2,7,5,1,5,4,3,1,2,2,7,3,1,3,7,1,6,7,1,5,3,7,5,3,4,6,6,7,2,5,3,5,1,4,2,5,"1,2,3,4", ,4,4,5,1,1,1,1,2,1, ,36,2,5,NY,2,491,2,5,4.55555555555556,4.33333333333333,5,7,3,2.6,2.17647058823529,4.16666666666667,3.375,7,3,4,7,6,1,5,7,1,7,2,7,5,1,5,2,2,1,4.08,2.375,5,1,9,0,4.66666666666667,4.5,1,0,4.16666666666667,5.33333333333333,6,4.6
R_1CqlgbJKn6Og6Kh,1,4,4,5,5,5,5,6,6,5,5,5,6,5,4,5,6,5,4,5,4,5,2,2,3,2,3,2,2,2,3,2,2,2,3,2,3,2,2,3,3,2,2,2,2,3,3,2,2,2,2,3,3,3,5,4,5,4,4,5,3,3,4,4,5,5,4,4,4,3,4,3,4,3,3,3,4,4,5,4,4,5,5,4,5,3,4,3,4,3,4,3,4,1, ,3,4,3,3,3,3,4,4,1, ,25,2,1,CA,3,202,2,5.08333333333333,4.77777777777778,5,4.75,5,5.5,2.33333333333333,2.41176470588235,4.5,3.5,5,5,4,3,3,4,4,5,5,4,5,5,4,3,4,3,4,3,4.04,3.375,5,4,1,0,4,5.16666666666667,0,0,4.66666666666667,5,5,4.6
R_aXzxx0VdKbhuIoN,1,6,7,8,7,7,7,8,8,8,7,6,8,7,6,6,7,6,7,6,5,5,4,3,3,4,4,4,3,2,3,4,4,3,3,4,3,4,3,4,3,3,4,4,3,3,4,4,3,3,4,3,3,4,7,6,6,7,7,6,6,7,6,7,7,6,6,6,5,7,7,6,7,6,7,6,5,6,7,7,6,6,7,7,6,5,4,4,5,5,4,4,5,2, ,5,4,4,5,4,5,4,5,1, ,32,1,4,LA,1,345,2,7.25,6.11111111111111,7,7.25,7,7.5,3.4,3.47058823529412,6.5,4.5,2,1,2,1,2,2,3,1,2,1,2,2,2,1,2,1,1,2,3,4.5,7.18181818181818,3,2,1,6,6.16666666666667,1,1,6,6.33333333333333,6.5,6
R_O7Ni50wJ20B6Nvb,1,3,5,4,6,4,5,4,5,3,4,5,6,3,4,5,4,3,4,3,5,4,2,3,3,2,3,2,3,4,2,3,2,3,4,2,3,2,3,2,3,2,3,2,3,3,2,3,2,2,3,2,3,4,4,5,3,4,5,4,3,4,5,3,5,3,4,3,4,3,4,5,3,4,3,4,5,5,3,4,5,3,4,3,4,3,3,4,2,3,4,2,3,2, ,2,3,4,3,4,3,4,3,1, ,29,1,5,MN,3,521,2,4.5,3.88888888888889,4.33333333333333,4.25,4.5,5,2.73333333333333,2.58823529411765,4.16666666666667,3,5,4,3,3,5,5,4,5,3,5,4,4,3,5,3,4,5,4,4,3.25,4.45454545454545,2,2,1,4.33333333333333,3.66666666666667,1,0,4,3.66666666666667,4,4.2
R_10CQrczbh3hzlv1,1,3,3,3,2,2,3,4,2,4,3,3,4,3,3,2,2,2,2,2,2,2,3,3,3,2,3,2,3,2,3,2,3,2,3,2,3,2,3,2,3,2,3,2,3,2,3,2,2,3,3,2,3,2,4,3,3,3,2,2,4,3,3,4,3,3,3,3,4,3,3,3,2,3,2,2,3,2,3,3,3,7,4,2,3,4,3,2,3,2,3,2,2,2, ,5,3,3,3,2,3,2,2,1, ,36,1,4, ,3,1567,2,3,2.22222222222222,3,3.25,2.5,3.5,2.6,2.47058823529412,2.83333333333333,2.625,4,5,5,5,5,5,4,5,5,6,5,6,6,5,5,4,6,5,4.64,2.875,3.09090909090909, ,2,1,2.33333333333333,2.16666666666667,1,0,2.16666666666667,2.33333333333333,2.5,2.2
R_2saHodTMdiM00Bw,1,7,5,5,6, , ,5, ,5,3,5,5,7,7,7,7,7,5,5,4,5,2,2,2,2,2,2,2,2,2,2,2,3,2,1,1,2,2,2,2,3,3,4,4,3,4,3,1,2,3,1,3,3,5,5,6,5,1,6,3,1,5,6,1,2,4,5,1,1,6,1,1,1,3,1,3,5,1,6,3,3,4,1,5,3,4,4,5,5,5,4,4,4, ,4,3,5,5,2,4,4,4,2, ,54,2,5,IN,1,568,2,5.11111111111111,6,6,5, ,4,1.93333333333333,2.64705882352941,4.66666666666667,4.25,5,7,3,7,6,3,7,7,7,7,7,7,3,7,5,4,7,3,5.32,3.875,5.11111111111111,2,4,1,5.33333333333333,6.33333333333333,0,0,5.83333333333333,6.33333333333333,7,5.6
R_27COYVEljfyP4jp,1,5,6,7,7,6,6,5,4,4,6,6,5,6,5,7,5,6,6,5,5,6,1,4,4,2,4,4,4,3,3,4,4,1,3,4,4,4,4,4,3,4,3,2,3,4,3,4,3,2,4,3,4,3,5,5,5,5,6,5,7,6,6,6,7,6,7,6,5,6,6,7,6,7,6,6,5,5,7,6,5,2,5,6,6,4,3,4,3,5,4,3,4,2, ,4,3,4,5,5,4,4,5,1, ,37,1,4,KS,1,614,2,5.58333333333333,5.66666666666667,5.66666666666667,5.75,6,5.5,3.26666666666667,3.35294117647059,5.16666666666667,3.75,1,2,2,1,2,2,3,2,1,2,1,2,3,1,3,3,2,2,2.92,4.25,5.72727272727273,2,2,1,5.33333333333333,5.83333333333333,1,1,5.5,6,6.5,5.4
R_5vQX4aILa4KuZt7,1,4,6,3,5,5,6,3,6,4,6,4,5,4,6,2,6,4,5,3,6,4,2,3,2,2,3,2,3,2,3,3,2,3,2,3,2,3,2,3,2,3,3,2,3,2,3,2,3,3,2,3,3,2,4,5,3,5,4,5,3,5,4,5,4,4,4,3,5,4,3,4,4,5,4,5,3,5,4,5,4,6,2,4,3,4,3,4,4,3,4,3,4,4, ,4,2,4,3,3,4,2,3,1, ,34,2,2,LA,3,802,2,4.75,4.44444444444444,4,4.25,5.5,5.5,2.46666666666667,2.58823529411765,4.33333333333333,3.625,5,3,4,4,4,5,3,4,4,4,3,3,3,4,4,6,4,5,4.08,3.125,4.63636363636364,3,4,1,5.66666666666667,3.83333333333333,1,0,5.16666666666667,3,3,5.4
R_3mkmqtw9zS6MACA,1,7,8,7,8,7,6,7,8,8,7,6,7,6,5,6,7,6,7,6,7,6,2,3,4,3,4,4,3,2,3,4,4,3,2,3,4,2,1,2,3,4,3,4,3,2,3,2,3,4,3,2,3,4,6,5,6,6,6,6,6,5,6,7,6,6,5,7,6,5,6,7,6,7,6,5,6,6,7,6,6,3,4,6,7,5,4,5,4,4,4,5,4,2, ,5,4,3,4,5,4,5,5,1, ,47,1,2,CA,2,1694,2,7.16666666666667,6.22222222222222,7.33333333333333,7.25,6.5,7,3.2,2.82352941176471,5.83333333333333,4.375,2,3,2,2,2,1,2,3,1,2,1,3,2,1,2,4,2,1,3,4.375,7.09090909090909,4,2,1,6.33333333333333,6.16666666666667,1,0,6.33333333333333,6,6,6.4
R_2ruOB4R8aguHAo9,1,8,8,8,7,6,6,6,6,7,7,8,8,5,7,7,7,5,4,1,7,5,1,4,3,1,1,1,1,1,1,1,1,1,1,2,1,4,4,4,4,4,4,2,3,4,2,4,2,3,3,1,2,2,3,7,7,6,7,7,1,4,4,4,1,1,4,1,1,1,4,1,1,1,7,1,7,1,1,7,1,7,1,1,1,5,5,5,5,5,5,5,5,"1,2,3,5", ,5,4,4,4,5,5,5,5,2, ,43,2,5,CA,2,1495,2,7.08333333333333,5.33333333333333,7,7.75,6,7.5,1.4,3.05882352941176,6.16666666666667,5,7,4,4,7,7,7,7,7,7,7,7,7,7,7,7,7,7,7,6.4,4.625,7.18181818181818,4,9,0,6,5,0,1,5.83333333333333,4.33333333333333,6,6
